system,game,art_old,art_new,score
N64,007 - GoldenEye (USA),007 - GoldenEye (USA).png,007 - GoldenEye (USA).png,100.0
N64,007 - The World Is Not Enough (USA),007 - The World Is Not Enough (USA).jpg,007 - The World Is Not Enough (USA).jpg,100.0
N64,"1080 Snowboarding (Japan, USA) (En,Ja)","1080 Snowboarding (Japan, USA) (En,Ja).png","1080 Snowboarding (Japan, USA) (En,Ja).png",100.0
N64,AeroFighters Assault (USA),AeroFighters Assault (USA).jpg,AeroFighters Assault (USA).jpg,100.0
N64,AeroGauge (USA),AeroGauge (USA).jpg,AeroGauge (USA).jpg,100.0
N64,Aidyn Chronicles - The First Mage (USA),Aidyn Chronicles - The First Mage (USA).jpg,Aidyn Chronicles - The First Mage (USA).jpg,100.0
N64,Air Boarder 64 (Europe),Bomberman 64 - The Second Attack! (USA).jpg,Air Boarder 64 (Europe).jpg,85.5
N64,All Star Tennis '99 (USA),All Star Tennis '99 (USA).jpg,All Star Tennis '99 (USA).jpg,100.0
N64,All-Star Baseball '99 (USA),All-Star Baseball '99 (USA).jpg,All-Star Baseball '99 (USA).jpg,100.0
N64,All-Star Baseball 2000 (USA),All-Star Baseball 2000 (USA).jpg,All-Star Baseball 2000 (USA).jpg,100.0
N64,All-Star Baseball 2001 (USA),All-Star Baseball 2001 (USA).jpg,All-Star Baseball 2001 (USA).jpg,100.0
N64,Armorines - Project S.W.A.R.M. (USA),Armorines - Project S.W.A.R.M. (USA).jpg,Armorines - Project S.W.A.R.M. (USA).jpg,100.0
N64,Army Men - Air Combat (USA),Army Men - Air Combat (USA).jpg,Army Men - Air Combat (USA).jpg,100.0
N64,Army Men - Sarge's Heroes (USA),Army Men - Sarge's Heroes (USA).jpg,Army Men - Sarge's Heroes (USA).jpg,100.0
N64,Army Men - Sarge's Heroes 2 (USA),Army Men - Sarge's Heroes 2 (USA).jpg,Army Men - Sarge's Heroes 2 (USA).jpg,100.0
N64,Automobili Lamborghini (USA),Automobili Lamborghini (USA).jpg,Automobili Lamborghini (USA).jpg,100.0
N64,Banjo-Kazooie (USA) (Rev A),Banjo-Kazooie (USA) (Rev A).jpg,Banjo-Kazooie (USA) (Rev A).jpg,100.0
N64,Banjo-Tooie (USA),Banjo-Tooie (USA).jpg,Banjo-Tooie (USA).jpg,100.0
N64,Bassmasters 2000 (USA),Bassmasters 2000 (USA).jpg,Bassmasters 2000 (USA).jpg,100.0
N64,BattleTanx (USA),BattleTanx (USA).jpg,BattleTanx (USA).jpg,100.0
N64,BattleTanx - Global Assault (USA),BattleTanx - Global Assault (USA).jpg,BattleTanx - Global Assault (USA).jpg,100.0
N64,Battlezone - Rise of the Black Dogs (USA),Battlezone - Rise of the Black Dogs (USA).jpg,Battlezone - Rise of the Black Dogs (USA).jpg,100.0
N64,"Beetle Adventure Racing! (USA) (En,Fr,De)","Beetle Adventure Racing! (USA) (En,Fr,De).jpg","Beetle Adventure Racing! (USA) (En,Fr,De).jpg",100.0
N64,Big Mountain 2000 (USA),Big Mountain 2000 (USA).jpg,Big Mountain 2000 (USA).jpg,100.0
N64,Bio F.R.E.A.K.S. (USA),Bio F.R.E.A.K.S. (USA).jpg,Bio F.R.E.A.K.S. (USA).jpg,100.0
N64,Blast Corps (USA) (Rev A),Blast Corps (USA) (Rev A) (1).jpg,Blast Corps (USA) (Rev A).jpg,100.0
N64,Blues Brothers 2000 (USA),Blues Brothers 2000 (USA).jpg,Blues Brothers 2000 (USA).jpg,100.0
N64,Body Harvest (USA),Body Harvest (USA).jpg,Body Harvest (USA).jpg,100.0
N64,Bomberman 64 (USA),Bomberman 64 (USA).jpg,Bomberman 64 (USA).jpg,100.0
N64,Bomberman Hero (Europe),Bomberman Hero (Europe).jpg,Bomberman Hero (Europe).jpg,100.0
N64,Bottom of the 9th (USA),Bottom of the 9th (USA).jpg,Bottom of the 9th (USA).jpg,100.0
N64,Buck Bumble (USA),Buck Bumble (USA).jpg,Buck Bumble (USA).jpg,100.0
N64,"Bug's Life, A (USA)","Bug's Life, A (USA).jpg","Bug's Life, A (USA).jpg",100.0
N64,Bust-A-Move '99 (USA),Bust-A-Move '99 (USA).jpg,Bust-A-Move '99 (USA).jpg,100.0
N64,Bust-A-Move 2 - Arcade Edition (USA),Bust-A-Move 2 - Arcade Edition (USA).jpg,Bust-A-Move 2 - Arcade Edition (USA).jpg,100.0
N64,California Speed (USA),California Speed (USA).jpg,California Speed (USA).jpg,100.0
N64,Carmageddon 64 (USA),Carmageddon 64 (USA).jpg,Carmageddon 64 (USA).jpg,100.0
N64,Castlevania (USA) (Rev B),Castlevania (USA) (Rev B).jpg,Castlevania (USA) (Rev B).jpg,100.0
N64,"Castlevania - Legacy of Darkness (Europe) (En,Fr,De)","Castlevania - Legacy of Darkness (Europe) (En,Fr,De).jpg","Castlevania - Legacy of Darkness (Europe) (En,Fr,De).jpg",100.0
N64,Chameleon Twist (USA),Chameleon Twist (USA).jpg,Chameleon Twist (USA).jpg,100.0
N64,Chameleon Twist 2 (USA),Chameleon Twist 2 (USA).jpg,Chameleon Twist 2 (USA).jpg,100.0
N64,Charlie Blast's Territory (USA),Charlie Blast's Territory (USA).jpg,Charlie Blast's Territory (USA).jpg,100.0
N64,Chopper Attack (USA),Chopper Attack (USA).jpg,Chopper Attack (USA).jpg,100.0
N64,Clay Fighter - Sculptor's Cut (USA),Clay Fighter - Sculptor's Cut (USA).jpg,Clay Fighter - Sculptor's Cut (USA).jpg,100.0
N64,Clay Fighter 63 1-3 (USA),Clay Fighter 63 1-3 (USA).jpg,Clay Fighter 63 1-3 (USA).jpg,100.0
N64,Command - Conquer (USA),Command - Conquer (USA).jpg,Command - Conquer (USA).jpg,100.0
N64,Conker's Bad Fur Day (USA),Conker's Bad Fur Day (USA).jpg,Conker's Bad Fur Day (USA).jpg,100.0
N64,Cruis'n Exotica (USA),Cruis'n Exotica (USA).jpg,Cruis'n Exotica (USA).jpg,100.0
N64,Cruis'n USA (USA) (Rev B),Cruis'n USA (USA) (Rev B).jpg,Cruis'n USA (USA) (Rev B).jpg,100.0
N64,Cruis'n World (USA),Cruis'n World (USA).jpg,Cruis'n World (USA).jpg,100.0
N64,CyberTiger (USA),CyberTiger (USA).jpg,CyberTiger (USA).jpg,100.0
N64,"Daffy Duck Starring as Duck Dodgers (Europe) (En,Fr,De,Es,It,Nl)","Duck Dodgers Starring Daffy Duck (USA) (En,Fr,Es).jpg","Daffy Duck Starring as Duck Dodgers (Europe) (En,Fr,De,Es,It,Nl).jpg",95.0
N64,Dark Rift (USA),Dark Rift (USA).jpg,Dark Rift (USA).jpg,100.0
N64,Deadly Arts (USA),Deadly Arts (USA).jpg,Deadly Arts (USA).jpg,100.0
N64,Destruction Derby 64 (USA),Destruction Derby 64 (USA).jpg,Destruction Derby 64 (USA).jpg,100.0
N64,"Diddy Kong Racing (USA) (En,Fr) (Rev A)","Diddy Kong Racing (USA) (En,Fr) (Rev A).jpg","Diddy Kong Racing (USA) (En,Fr) (Rev A).jpg",100.0
N64,"Donald Duck - Goin' Quackers (USA) (En,Fr,De,Es,It)","Donald Duck - Goin' Quackers (USA) (En,Fr,De,Es,It).jpg","Donald Duck - Goin' Quackers (USA) (En,Fr,De,Es,It).jpg",100.0
N64,Donkey Kong 64 (Japan),Donkey Kong 64 (Japan).jpg,Donkey Kong 64 (Japan).jpg,100.0
N64,Doom 64 (USA) (Rev A),Doom 64 (USA) (Rev A).jpg,Doom 64 (USA) (Rev A).jpg,100.0
N64,Dr. Mario 64 (USA),Dr. Mario 64 (USA).jpg,Dr. Mario 64 (USA).jpg,100.0
N64,Dual Heroes (USA),Dual Heroes (USA).jpg,Dual Heroes (USA).jpg,100.0
N64,Duke Nukem - Zero Hour (USA),Duke Nukem - Zero Hour (USA).jpg,Duke Nukem - Zero Hour (USA).jpg,100.0
N64,Duke Nukem 64 (USA),Duke Nukem 64 (USA).jpg,Duke Nukem 64 (USA).jpg,100.0
N64,ECW Hardcore Revolution (USA),ECW Hardcore Revolution (USA).jpg,ECW Hardcore Revolution (USA).jpg,100.0
N64,Elmo's Letter Adventure (USA),Elmo's Letter Adventure (USA).jpg,Elmo's Letter Adventure (USA).jpg,100.0
N64,Elmo's Number Journey (USA),Elmo's Number Journey (USA).jpg,Elmo's Number Journey (USA).jpg,100.0
N64,emuvr_netplay_ex_override,Glover (USA).jpg,emuvr_netplay_ex_override.jpg,60.00000000000001
N64,Excitebike 64 (USA),Excitebike 64 (USA).jpg,Excitebike 64 (USA).jpg,100.0
N64,Extreme-G (USA),Extreme-G (USA).jpg,Extreme-G (USA).jpg,100.0
N64,Extreme-G XG2 (USA),Extreme-G XG2 (USA).jpg,Extreme-G XG2 (USA).jpg,100.0
N64,F-1 World Grand Prix (USA),F-1 World Grand Prix (USA).jpg,F-1 World Grand Prix (USA).jpg,100.0
N64,F-Zero X (USA),F-Zero X (USA).jpg,F-Zero X (USA).jpg,100.0
N64,"F1 Pole Position 64 (USA) (En,Fr,De)","F1 Pole Position 64 (USA) (En,Fr,De).jpg","F1 Pole Position 64 (USA) (En,Fr,De).jpg",100.0
N64,"F1 Racing Championship (Europe) (En,Fr,De,Es,It)","MRC - Multi Racing Championship (Europe) (En,Fr,De).jpg","F1 Racing Championship (Europe) (En,Fr,De,Es,It).jpg",88.04878048780488
N64,"FIFA - Road to World Cup 98 (USA) (En,Fr,De,Es,It,Nl,Sv)","FIFA - Road to World Cup 98 (USA) (En,Fr,De,Es,It,Nl,Sv).jpg","FIFA - Road to World Cup 98 (USA) (En,Fr,De,Es,It,Nl,Sv).jpg",100.0
N64,"FIFA 99 (USA) (En,Fr,De,Es,It,Nl,Pt,Sv)","FIFA 99 (USA) (En,Fr,De,Es,It,Nl,Pt,Sv).jpg","FIFA 99 (USA) (En,Fr,De,Es,It,Nl,Pt,Sv).jpg",100.0
N64,"FIFA Soccer 64 (USA) (En,Fr,De)","FIFA Soccer 64 (USA) (En,Fr,De).jpg","FIFA Soccer 64 (USA) (En,Fr,De).jpg",100.0
N64,Fighter Destiny 2 (USA),Fighter Destiny 2 (USA).jpg,Fighter Destiny 2 (USA).jpg,100.0
N64,Fighting Force 64 (USA),Fighting Force 64 (USA).jpg,Fighting Force 64 (USA).jpg,100.0
N64,Flying Dragon (USA),Flying Dragon (USA).jpg,Flying Dragon (USA).jpg,100.0
N64,Forsaken 64 (USA),Forsaken 64 (USA).jpg,Forsaken 64 (USA).jpg,100.0
N64,Fox Sports College Hoops '99 (USA),Fox Sports College Hoops '99 (USA).jpg,Fox Sports College Hoops '99 (USA).jpg,100.0
N64,G.A.S.P!! Fighters' NEXTream (Europe),G.A.S.P!! Fighters' NEXTream (Europe).jpg,G.A.S.P!! Fighters' NEXTream (Europe).jpg,100.0
N64,Gauntlet Legends (USA),Gauntlet Legends (USA).jpg,Gauntlet Legends (USA).jpg,100.0
N64,Gex 3 - Deep Cover Gecko (USA),Gex 3 - Deep Cover Gecko (USA).jpg,Gex 3 - Deep Cover Gecko (USA).jpg,100.0
N64,Gex 64 - Enter the Gecko (USA),Gex 64 - Enter the Gecko (USA).jpg,Gex 64 - Enter the Gecko (USA).jpg,100.0
N64,Goemon's Great Adventure (USA),Goemon's Great Adventure (USA).jpg,Goemon's Great Adventure (USA).jpg,100.0
N64,Golden Nugget 64 (USA),Golden Nugget 64 (USA).jpg,Golden Nugget 64 (USA).jpg,100.0
N64,GT64 - Championship Edition (USA),GT64 - Championship Edition (USA).jpg,GT64 - Championship Edition (USA).jpg,100.0
N64,Harvest Moon 64 (USA),Harvest Moon 64 (USA).jpg,Harvest Moon 64 (USA).jpg,100.0
N64,Hercules - The Legendary Journeys (USA),Hercules - The Legendary Journeys (USA).jpg,Hercules - The Legendary Journeys (USA).jpg,100.0
N64,Hexen (USA),Hexen (USA).jpg,Hexen (USA).jpg,100.0
N64,"Hey You, Pikachu! (USA)","Hey You, Pikachu! (USA).jpg","Hey You, Pikachu! (USA).jpg",100.0
N64,Hot Wheels - Turbo Racing (USA),Hot Wheels - Turbo Racing (USA).jpg,Hot Wheels - Turbo Racing (USA).jpg,100.0
N64,Hybrid Heaven (USA),Hybrid Heaven (USA).jpg,Hybrid Heaven (USA).jpg,100.0
N64,In-Fisherman - Bass Hunter 64 (Europe),In-Fisherman - Bass Hunter 64 (Europe).jpg,In-Fisherman - Bass Hunter 64 (Europe).jpg,100.0
N64,Indiana Jones and the Infernal Machine (USA),Indiana Jones and the Infernal Machine (USA).jpg,Indiana Jones and the Infernal Machine (USA).jpg,100.0
N64,Indy Racing 2000 (USA),Indy Racing 2000 (USA).jpg,Indy Racing 2000 (USA).jpg,100.0
N64,International Superstar Soccer '98 (USA),International Superstar Soccer '98 (USA).jpg,International Superstar Soccer '98 (USA).jpg,100.0
N64,"International Superstar Soccer 2000 (USA) (En,Es)","International Superstar Soccer 2000 (USA) (En,Es).jpg","International Superstar Soccer 2000 (USA) (En,Es).jpg",100.0
N64,International Superstar Soccer 64 (USA),International Superstar Soccer 64 (USA).jpg,International Superstar Soccer 64 (USA).jpg,100.0
N64,International Track - Field 2000 (USA),International Track - Field 2000 (USA).jpg,International Track - Field 2000 (USA).jpg,100.0
N64,Jeopardy! (USA),Jeopardy! (USA).jpg,Jeopardy! (USA).jpg,100.0
N64,Jeremy McGrath Supercross 2000 (USA),Jeremy McGrath Supercross 2000 (USA).jpg,Jeremy McGrath Supercross 2000 (USA).jpg,100.0
N64,Jet Force Gemini (USA),Jet Force Gemini (USA).jpg,Jet Force Gemini (USA).jpg,100.0
N64,John Romero's Daikatana (USA),John Romero's Daikatana (USA).jpg,John Romero's Daikatana (USA).jpg,100.0
N64,Ken Griffey Jr.'s Slugfest (USA),Ken Griffey Jr.'s Slugfest (USA).jpg,Ken Griffey Jr.'s Slugfest (USA).jpg,100.0
N64,Killer Instinct Gold (USA) (Rev B),Killer Instinct Gold (USA) (Rev B).jpg,Killer Instinct Gold (USA) (Rev B).jpg,100.0
N64,Kirby 64 - The Crystal Shards (USA),Kirby 64 - The Crystal Shards (USA).jpg,Kirby 64 - The Crystal Shards (USA).jpg,100.0
N64,Knife Edge - Nose Gunner (USA),Knife Edge - Nose Gunner (USA).jpg,Knife Edge - Nose Gunner (USA).jpg,100.0
N64,Knockout Kings 2000 (USA),Knockout Kings 2000 (USA).jpg,Knockout Kings 2000 (USA).jpg,100.0
N64,Kobe Bryant's NBA Courtside (USA),Kobe Bryant's NBA Courtside (USA).png,Kobe Bryant's NBA Courtside (USA).png,100.0
N64,"Legend of Zelda, The - Majora's Mask (KOR)","Legend of Zelda, The - Majora's Mask (KOR).jpg","Legend of Zelda, The - Majora's Mask (KOR).jpg",100.0
N64,"Legend of Zelda, The - Ocarina of Time (KOR)","Legend of Zelda, The - Ocarina of Time (KOR) (1).jpg","Legend of Zelda, The - Ocarina of Time (KOR).jpg",100.0
N64,Lode Runner 3-D (USA),Lode Runner 3-D (USA).jpg,Lode Runner 3-D (USA).jpg,100.0
N64,"Lylat Wars (Europe) (En,Fr,De)","Lylat Wars (Europe) (En,Fr,De).png","Lylat Wars (Europe) (En,Fr,De).png",100.0
N64,Mace - The Dark Age (USA),Mace - The Dark Age (USA).jpg,Mace - The Dark Age (USA).jpg,100.0
N64,Madden Football 64 (USA),Madden Football 64 (USA).jpg,Madden Football 64 (USA).jpg,100.0
N64,Madden NFL 2000 (USA),Madden NFL 2000 (USA).jpg,Madden NFL 2000 (USA).jpg,100.0
N64,Madden NFL 2001 (USA),Madden NFL 2001 (USA).jpg,Madden NFL 2001 (USA).jpg,100.0
N64,Madden NFL 2002 (USA),Madden NFL 2002 (USA).jpg,Madden NFL 2002 (USA).jpg,100.0
N64,Madden NFL 99 (USA),Madden NFL 99 (USA).jpg,Madden NFL 99 (USA).jpg,100.0
N64,Magical Tetris Challenge (USA),Magical Tetris Challenge (USA).jpg,Magical Tetris Challenge (USA).jpg,100.0
N64,Mahjong Master (Japan),Monster Truck Madness 64 (USA).jpg,Mahjong Master (Japan).jpg,60.00000000000001
N64,Major League Baseball featuring Ken Griffey Jr. (USA),Major League Baseball featuring Ken Griffey Jr. (USA).jpg,Major League Baseball featuring Ken Griffey Jr. (USA).jpg,100.0
N64,Mario Golf (USA),Mario Golf (USA).jpg,Mario Golf (USA).jpg,100.0
N64,Mario Kart 64 (USA),Mario Kart 64 (USA).jpg,Mario Kart 64 (USA).jpg,100.0
N64,Mario Party (USA),Mario Party (USA).jpg,Mario Party (USA).jpg,100.0
N64,Mario Party 2 (USA),Mario Party 2 (USA).png,Mario Party 2 (USA).png,100.0
N64,Mario Party 3 (USA),Mario Party 3 (USA).jpg,Mario Party 3 (USA).jpg,100.0
N64,Mario Story (Japan),Mario Story (Japan).png,Mario Story (Japan).png,100.0
N64,Mario Tennis (USA),Mario Tennis (USA).jpg,Mario Tennis (USA).jpg,100.0
N64,Mario Tennis 64 (Japan),Mario Tennis 64 (Japan).jpg,Mario Tennis 64 (Japan).jpg,100.0
N64,Mega Man 64 (USA),Mega Man 64 (USA).jpg,Mega Man 64 (USA).jpg,100.0
N64,"Mia Hamm Soccer 64 (USA) (En,Es)","Mia Hamm Soccer 64 (USA) (En,Es).jpg","Mia Hamm Soccer 64 (USA) (En,Es).jpg",100.0
N64,Mickey's Speedway USA (USA),Mickey's Speedway USA (USA).jpg,Mickey's Speedway USA (USA).jpg,100.0
N64,Micro Machines 64 Turbo (USA),Micro Machines 64 Turbo (USA).jpg,Micro Machines 64 Turbo (USA).jpg,100.0
N64,Midway's Greatest Arcade Hits Vol. 1 (USA),Midway's Greatest Arcade Hits Vol. 1 (USA).png,Midway's Greatest Arcade Hits Vol. 1 (USA).png,100.0
N64,Mike Piazza's StrikeZone (USA),Mike Piazza's StrikeZone (USA).jpg,Mike Piazza's StrikeZone (USA).jpg,100.0
N64,Mischief Makers (USA),Mischief Makers (USA).jpg,Mischief Makers (USA).jpg,100.0
N64,Mission Impossible (Europe),Mission Impossible (Europe).jpg,Mission Impossible (Europe).jpg,100.0
N64,Monaco Grand Prix (USA),Monaco Grand Prix (USA).jpg,Monaco Grand Prix (USA).jpg,100.0
N64,Monopoly (USA),Monopoly (USA).jpg,Monopoly (USA).jpg,100.0
N64,Mortal Kombat 4 (USA),Mortal Kombat 4 (USA).jpg,Mortal Kombat 4 (USA).jpg,100.0
N64,Mortal Kombat Mythologies - Sub-Zero (USA),Mortal Kombat Mythologies - Sub-Zero (USA).jpg,Mortal Kombat Mythologies - Sub-Zero (USA).jpg,100.0
N64,Mortal Kombat Trilogy (USA) (Rev B),Mortal Kombat Trilogy (USA) (Rev B).jpg,Mortal Kombat Trilogy (USA) (Rev B).jpg,100.0
N64,Ms. Pac-Man - Maze Madness (USA),Ms. Pac-Man - Maze Madness (USA).jpg,Ms. Pac-Man - Maze Madness (USA).jpg,100.0
N64,Mystical Ninja Starring Goemon (USA),Mystical Ninja Starring Goemon (USA).jpg,Mystical Ninja Starring Goemon (USA).jpg,100.0
N64,Nagano Winter Olympics '98 (USA),Nagano Winter Olympics '98 (USA).jpg,Nagano Winter Olympics '98 (USA).jpg,100.0
N64,Namco Museum 64 (USA),Namco Museum 64 (USA).jpg,Namco Museum 64 (USA).jpg,100.0
N64,NASCAR 2000 (USA),NASCAR 2000 (USA).jpg,NASCAR 2000 (USA).jpg,100.0
N64,NASCAR 99 (USA),NASCAR 99 (USA).jpg,NASCAR 99 (USA).jpg,100.0
N64,NBA Courtside 2 featuring Kobe Bryant (USA),NBA Courtside 2 featuring Kobe Bryant (USA).jpg,NBA Courtside 2 featuring Kobe Bryant (USA).jpg,100.0
N64,NBA Hangtime (USA),NBA Hangtime (USA).jpg,NBA Hangtime (USA).jpg,100.0
N64,NBA in the Zone '98 (USA),NBA in the Zone '98 (USA).jpg,NBA in the Zone '98 (USA).jpg,100.0
N64,NBA in the Zone '99 (USA),NBA in the Zone '99 (USA).jpg,NBA in the Zone '99 (USA).jpg,100.0
N64,NBA in the Zone 2000 (USA),NBA in the Zone 2000 (USA).jpg,NBA in the Zone 2000 (USA).jpg,100.0
N64,NBA Jam 2000 (USA),NBA Jam 2000 (USA).jpg,NBA Jam 2000 (USA).jpg,100.0
N64,NBA Jam 99 (USA),NBA Jam 99 (USA).jpg,NBA Jam 99 (USA).jpg,100.0
N64,"NBA Live 2000 (USA) (En,Fr,De,Es)","NBA Live 2000 (USA) (En,Fr,De,Es).jpg","NBA Live 2000 (USA) (En,Fr,De,Es).jpg",100.0
N64,"NBA Live 99 (USA) (En,Fr,De,Es,It)","NBA Live 99 (USA) (En,Fr,De,Es,It).jpg","NBA Live 99 (USA) (En,Fr,De,Es,It).jpg",100.0
N64,NBA Showtime - NBA on NBC (USA),NBA Showtime - NBA on NBC (USA).jpg,NBA Showtime - NBA on NBC (USA).jpg,100.0
N64,NFL Blitz (USA),NFL Blitz (USA).jpg,NFL Blitz (USA).jpg,100.0
N64,NFL Blitz - Special Edition (USA),NFL Blitz - Special Edition (USA).jpg,NFL Blitz - Special Edition (USA).jpg,100.0
N64,NFL Blitz 2000 (USA),NFL Blitz 2000 (USA).jpg,NFL Blitz 2000 (USA).jpg,100.0
N64,NFL Blitz 2001 (USA),NFL Blitz 2001 (USA).jpg,NFL Blitz 2001 (USA).jpg,100.0
N64,NFL Quarterback Club 2000 (USA),NFL Quarterback Club 2000 (USA).jpg,NFL Quarterback Club 2000 (USA).jpg,100.0
N64,NFL Quarterback Club 2001 (USA),NFL Quarterback Club 2001 (USA).png,NFL Quarterback Club 2001 (USA).png,100.0
N64,NFL Quarterback Club 98 (USA),NFL Quarterback Club 98 (USA).jpg,NFL Quarterback Club 98 (USA).jpg,100.0
N64,NFL Quarterback Club 99 (USA),NFL Quarterback Club 99 (USA).jpg,NFL Quarterback Club 99 (USA).jpg,100.0
N64,NHL 99 (USA),NHL 99 (USA).jpg,NHL 99 (USA).jpg,100.0
N64,NHL Blades of Steel '99 (USA),NHL Blades of Steel '99 (USA).jpg,NHL Blades of Steel '99 (USA).jpg,100.0
N64,NHL Breakaway 98 (USA),NHL Breakaway 98 (USA).jpg,NHL Breakaway 98 (USA).jpg,100.0
N64,NHL Breakaway 99 (USA),NHL Breakaway 99 (USA).jpg,NHL Breakaway 99 (USA).jpg,100.0
N64,Nightmare Creatures (USA),Nightmare Creatures (USA).jpg,Nightmare Creatures (USA).jpg,100.0
N64,"Nuclear Strike 64 (Europe) (En,Fr)","Nuclear Strike 64 (Europe) (En,Fr).jpg","Nuclear Strike 64 (Europe) (En,Fr).jpg",100.0
N64,Off Road Challenge (USA),Off Road Challenge (USA).jpg,Off Road Challenge (USA).jpg,100.0
N64,Ogre Battle 64 - Person of Lordly Caliber (USA),Ogre Battle 64 - Person of Lordly Caliber (USA).jpg,Ogre Battle 64 - Person of Lordly Caliber (USA).jpg,100.0
N64,Olympic Hockey Nagano '98 (USA),Olympic Hockey Nagano '98 (USA).png,Olympic Hockey Nagano '98 (USA).png,100.0
N64,Paper Mario (USA),Paper Mario (USA).jpg,Paper Mario (USA).jpg,100.0
N64,Paperboy (USA),Paperboy (USA).jpg,Paperboy (USA).jpg,100.0
N64,Penny Racers (USA),Penny Racers (USA).jpg,Penny Racers (USA).jpg,100.0
N64,"Perfect Dark (Europe) (En,Fr,De,Es,It)","Perfect Dark (Europe) (En,Fr,De,Es,It).jpg","Perfect Dark (Europe) (En,Fr,De,Es,It).jpg",100.0
N64,PGA European Tour (USA),PGA European Tour (USA).jpg,PGA European Tour (USA).jpg,100.0
N64,Pilotwings 64 (USA),Pilotwings 64 (USA).jpg,Pilotwings 64 (USA).jpg,100.0
N64,Pokemon Puzzle League (USA),Pokemon Puzzle League (USA).jpg,Pokemon Puzzle League (USA).jpg,100.0
N64,Pokemon Stadium (USA) (Rev A),Pokemon Stadium (USA) (Rev A).jpg,Pokemon Stadium (USA) (Rev A).jpg,100.0
N64,Polaris SnoCross (USA),Polaris SnoCross (USA).jpg,Polaris SnoCross (USA).jpg,100.0
N64,Power Rangers - Lightspeed Rescue (USA),Power Rangers - Lightspeed Rescue (USA).jpg,Power Rangers - Lightspeed Rescue (USA).jpg,100.0
N64,"Powerpuff Girls, The - Chemical X-Traction (USA)","Powerpuff Girls, The - Chemical X-Traction (USA).jpg","Powerpuff Girls, The - Chemical X-Traction (USA).jpg",100.0
N64,Quake 64 (USA),Quake 64 (USA).png,Quake 64 (USA).png,100.0
N64,Quake II (USA),Quake II (USA).jpg,Quake II (USA).jpg,100.0
N64,Quest 64 (USA),Quest 64 (USA).jpg,Quest 64 (USA).jpg,100.0
N64,Rakuga Kids (Europe),Rugrats in Paris - The Movie (USA).jpg,Rakuga Kids (Europe).jpg,54.4090909090909
N64,Rally '99 (Japan),Rally '99 (Japan).png,Rally '99 (Japan).png,100.0
N64,Rally Challenge 2000 (USA),Rally Challenge 2000 (USA).jpg,Rally Challenge 2000 (USA).jpg,100.0
N64,Rampage - World Tour (USA),Rampage - World Tour (USA).jpg,Rampage - World Tour (USA).jpg,100.0
N64,Rampage 2 - Universal Tour (USA),Rampage 2 - Universal Tour (USA).jpg,Rampage 2 - Universal Tour (USA).jpg,100.0
N64,"Rat Attack! (USA) (En,Fr,De,Es,It,Nl)","Rat Attack! (USA) (En,Fr,De,Es,It,Nl).jpg","Rat Attack! (USA) (En,Fr,De,Es,It,Nl).jpg",100.0
N64,"Rayman 2 - The Great Escape (USA) (En,Fr,De,Es,It)","Rayman 2 - The Great Escape (USA) (En,Fr,De,Es,It).jpg","Rayman 2 - The Great Escape (USA) (En,Fr,De,Es,It).jpg",100.0
N64,Razor Freestyle Scooter (USA),Razor Freestyle Scooter (USA).jpg,Razor Freestyle Scooter (USA).jpg,100.0
N64,Re-Volt (USA),Re-Volt (USA).jpg,Re-Volt (USA).jpg,100.0
N64,Ready 2 Rumble Boxing (USA),Ready 2 Rumble Boxing (USA).jpg,Ready 2 Rumble Boxing (USA).jpg,100.0
N64,Ready 2 Rumble Boxing - Round 2 (USA),Ready 2 Rumble Boxing - Round 2 (USA).jpg,Ready 2 Rumble Boxing - Round 2 (USA).jpg,100.0
N64,Resident Evil 2 (USA) (Rev A),Resident Evil 2 (USA) (Rev A).jpg,Resident Evil 2 (USA) (Rev A).jpg,100.0
N64,Road Rash 64 (USA),Road Rash 64 (USA).jpg,Road Rash 64 (USA).jpg,100.0
N64,"Roadsters Trophy (USA) (En,Fr,Es)","Roadsters Trophy (USA) (En,Fr,Es).png","Roadsters Trophy (USA) (En,Fr,Es).png",100.0
N64,Robotron 64 (USA),Robotron 64 (USA).jpg,Robotron 64 (USA).jpg,100.0
N64,Rocket - Robot on Wheels (USA),Rocket - Robot on Wheels (USA).jpg,Rocket - Robot on Wheels (USA).jpg,100.0
N64,RR64 - Ridge Racer 64 (USA),RR64 - Ridge Racer 64 (USA).jpg,RR64 - Ridge Racer 64 (USA).jpg,100.0
N64,Rugrats - Scavenger Hunt (USA),Rugrats - Scavenger Hunt (USA).jpg,Rugrats - Scavenger Hunt (USA).jpg,100.0
N64,Rush 2 - Extreme Racing USA (USA),Rush 2 - Extreme Racing USA (USA).jpg,Rush 2 - Extreme Racing USA (USA).jpg,100.0
N64,S.C.A.R.S. (USA),S.C.A.R.S. (USA).jpg,S.C.A.R.S. (USA).jpg,100.0
N64,"San Francisco Rush - Extreme Racing (USA) (En,Fr,De)","San Francisco Rush - Extreme Racing (USA) (En,Fr,De).jpg","San Francisco Rush - Extreme Racing (USA) (En,Fr,De).jpg",100.0
N64,San Francisco Rush 2049 (USA),San Francisco Rush 2049 (USA).jpg,San Francisco Rush 2049 (USA).jpg,100.0
N64,Scooby-Doo! - Classic Creep Capers (USA),Scooby-Doo! - Classic Creep Capers (USA).jpg,Scooby-Doo! - Classic Creep Capers (USA).jpg,100.0
N64,Shadow Man (USA),Shadow Man (USA).jpg,Shadow Man (USA).jpg,100.0
N64,"Shadowgate 64 - Trials of the Four Towers (USA) (En,Es)","Shadowgate 64 - Trials of the Four Towers (USA) (En,Es).jpg","Shadowgate 64 - Trials of the Four Towers (USA) (En,Es).jpg",100.0
N64,Snowboard Kids (USA),Snowboard Kids (USA).jpg,Snowboard Kids (USA).jpg,100.0
N64,Snowboard Kids 2 (USA),Snowboard Kids 2 (USA).jpg,Snowboard Kids 2 (USA).jpg,100.0
N64,South Park (USA),South Park (USA).jpg,South Park (USA).jpg,100.0
N64,South Park - Chef's Luv Shack (USA),South Park - Chef's Luv Shack (USA).jpg,South Park - Chef's Luv Shack (USA).jpg,100.0
N64,South Park Rally (USA),South Park Rally (USA).jpg,South Park Rally (USA).jpg,100.0
N64,Space Invaders (USA),Space Invaders (USA).jpg,Space Invaders (USA).jpg,100.0
N64,SpaceStation Silicon Valley (USA),SpaceStation Silicon Valley (USA).jpg,SpaceStation Silicon Valley (USA).jpg,100.0
N64,Spider-Man (USA),Spider-Man (USA).jpg,Spider-Man (USA).jpg,100.0
N64,Star Fox 64 (USA),Star Fox 64 (USA).jpg,Star Fox 64 (USA).jpg,100.0
N64,Star Soldier - Vanishing Earth (USA),Star Soldier - Vanishing Earth (USA).jpg,Star Soldier - Vanishing Earth (USA).jpg,100.0
N64,Star Wars - Rogue Squadron (USA),Star Wars - Rogue Squadron (USA).jpg,Star Wars - Rogue Squadron (USA).jpg,100.0
N64,Star Wars - Shadows of the Empire (USA) (Rev B),Star Wars - Shadows of the Empire (USA) (Rev B).jpg,Star Wars - Shadows of the Empire (USA) (Rev B).jpg,100.0
N64,Star Wars Episode I - Battle for Naboo (USA),Star Wars Episode I - Battle for Naboo (USA).png,Star Wars Episode I - Battle for Naboo (USA).png,100.0
N64,Star Wars Episode I - Racer (USA),Star Wars Episode I - Racer (USA).jpg,Star Wars Episode I - Racer (USA).jpg,100.0
N64,StarCraft 64 (USA),StarCraft 64 (USA).jpg,StarCraft 64 (USA).jpg,100.0
N64,"Starshot - Space Circus Fever (USA) (En,Fr,Es)","Starshot - Space Circus Fever (USA) (En,Fr,Es).jpg","Starshot - Space Circus Fever (USA) (En,Fr,Es).jpg",100.0
N64,Stunt Racer 64 (USA),Stunt Racer 64 (USA).jpg,Stunt Racer 64 (USA).jpg,100.0
N64,Super Bowling (USA),Super Bowling (USA).jpg,Super Bowling (USA).jpg,100.0
N64,Super Mario 64 (Japan) (Rev A) (Shindou Edition),Super Mario 64 (Japan) (Rev A) (Shindou Edition).jpg,Super Mario 64 (Japan) (Rev A) (Shindou Edition).jpg,100.0
N64,Super Smash Bros. (USA),Super Smash Bros. (USA).jpg,Super Smash Bros. (USA).jpg,100.0
N64,Supercross 2000 (USA),Supercross 2000 (USA).jpg,Supercross 2000 (USA).jpg,100.0
N64,"Superman (USA) (En,Fr,Es)","Superman (USA) (En,Fr,Es).jpg","Superman (USA) (En,Fr,Es).jpg",100.0
N64,Tarzan (USA),Tarzan (USA).jpg,Tarzan (USA).jpg,100.0
N64,"Taz Express (Europe) (En,Fr,De,Es,It,Nl)",Xena - Warrior Princess - The Talisman of Fate (USA).jpg,"Taz Express (Europe) (En,Fr,De,Es,It,Nl).jpg",62.18181818181819
N64,Tetris 64 (Japan),Tetris 64 (Japan).jpg,Tetris 64 (Japan).jpg,100.0
N64,Tetrisphere (USA),Tetrisphere (USA).jpg,Tetrisphere (USA).jpg,100.0
N64,Tigger's Honey Hunt (USA),Tigger's Honey Hunt (USA).jpg,Tigger's Honey Hunt (USA).jpg,100.0
N64,Tom and Jerry in Fists of Furry (USA),Tom and Jerry in Fists of Furry (USA).jpg,Tom and Jerry in Fists of Furry (USA).jpg,100.0
N64,Tom Clancy's Rainbow Six (USA),Tom Clancy's Rainbow Six (USA).jpg,Tom Clancy's Rainbow Six (USA).jpg,100.0
N64,Tonic Trouble (USA) (Rev A),Tonic Trouble (USA) (Rev A).jpg,Tonic Trouble (USA) (Rev A).jpg,100.0
N64,Tony Hawk's Pro Skater (USA),Tony Hawk's Pro Skater (USA).jpg,Tony Hawk's Pro Skater (USA).jpg,100.0
N64,Tony Hawk's Pro Skater 2 (USA),Tony Hawk's Pro Skater 2 (USA).jpg,Tony Hawk's Pro Skater 2 (USA).jpg,100.0
N64,Tony Hawk's Pro Skater 3 (USA),Tony Hawk's Pro Skater 3 (USA).jpg,Tony Hawk's Pro Skater 3 (USA).jpg,100.0
N64,Top Gear Hyper-Bike (USA),Top Gear Hyper-Bike (USA).jpg,Top Gear Hyper-Bike (USA).jpg,100.0
N64,Top Gear Overdrive (USA),Top Gear Overdrive (USA).jpg,Top Gear Overdrive (USA).jpg,100.0
N64,Top Gear Rally (USA),Top Gear Rally (USA).jpg,Top Gear Rally (USA).jpg,100.0
N64,Top Gear Rally 2 (USA),Top Gear Rally 2 (USA).jpg,Top Gear Rally 2 (USA).jpg,100.0
N64,Toy Story 2 (USA),Toy Story 2 (USA).jpg,Toy Story 2 (USA).jpg,100.0
N64,Transformers - Beast Wars Transmetals (USA),Transformers - Beast Wars Transmetals (USA).jpg,Transformers - Beast Wars Transmetals (USA).jpg,100.0
N64,Triple Play 2000 (USA),Triple Play 2000 (USA).jpg,Triple Play 2000 (USA).jpg,100.0
N64,Turok - Dinosaur Hunter (USA) (Rev B),Turok - Dinosaur Hunter (USA) (Rev B).jpg,Turok - Dinosaur Hunter (USA) (Rev B).jpg,100.0
N64,Turok - Rage Wars (USA),Turok - Rage Wars (USA).jpg,Turok - Rage Wars (USA).jpg,100.0
N64,Turok 2 - Seeds of Evil (USA),Turok 2 - Seeds of Evil (USA).jpg,Turok 2 - Seeds of Evil (USA).jpg,100.0
N64,Turok 3 - Shadow of Oblivion (USA),Turok 3 - Shadow of Oblivion (USA).jpg,Turok 3 - Shadow of Oblivion (USA).jpg,100.0
N64,Twisted Edge - Extreme Snowboarding (USA),Twisted Edge - Extreme Snowboarding (USA).jpg,Twisted Edge - Extreme Snowboarding (USA).jpg,100.0
N64,Utchan Nanchan no Hono no Challenger - Denryuu Ira Ira Bou (Japan),WWF No Mercy (USA).jpg,Utchan Nanchan no Hono no Challenger - Denryuu Ira Ira Bou (Japan).jpg,85.5
N64,V-Rally Edition 99 (USA),V-Rally Edition 99 (USA).jpg,V-Rally Edition 99 (USA).jpg,100.0
N64,Vigilante 8 (USA),Vigilante 8 (USA).jpg,Vigilante 8 (USA).jpg,100.0
N64,Vigilante 8 - 2nd Offense (USA),Vigilante 8 - 2nd Offense (USA).jpg,Vigilante 8 - 2nd Offense (USA).jpg,100.0
N64,"Virtual Chess 64 (USA) (En,Fr,Es)","Virtual Chess 64 (USA) (En,Fr,Es).jpg","Virtual Chess 64 (USA) (En,Fr,Es).jpg",100.0
N64,Waialae Country Club - True Golf Classics (USA),Waialae Country Club - True Golf Classics (USA).jpg,Waialae Country Club - True Golf Classics (USA).jpg,100.0
N64,War Gods (USA),War Gods (USA).jpg,War Gods (USA).jpg,100.0
N64,Wave Race 64 (USA) (Rev A),Wave Race 64 (USA) (Rev A) (1).jpg,Wave Race 64 (USA) (Rev A).jpg,100.0
N64,Wayne Gretzky's 3D Hockey '98 (USA),Wayne Gretzky's 3D Hockey '98 (USA).jpg,Wayne Gretzky's 3D Hockey '98 (USA).jpg,100.0
N64,Wayne Gretzky's 3D Hockey (USA),Wayne Gretzky's 3D Hockey (USA).jpg,Wayne Gretzky's 3D Hockey (USA).jpg,100.0
N64,WCW Backstage Assault (USA),WCW Backstage Assault (USA).jpg,WCW Backstage Assault (USA).jpg,100.0
N64,WCW Mayhem (USA),WCW Mayhem (USA).jpg,WCW Mayhem (USA).jpg,100.0
N64,WCW Nitro (USA),WCW Nitro (USA).jpg,WCW Nitro (USA).jpg,100.0
N64,WCW vs. nWo - World Tour (USA) (Rev A),WCW vs. nWo - World Tour (USA) (Rev A).jpg,WCW vs. nWo - World Tour (USA) (Rev A).jpg,100.0
N64,WCW-nWo Revenge (USA),WCW-nWo Revenge (USA).jpg,WCW-nWo Revenge (USA).jpg,100.0
N64,"Wetrix (USA) (En,Fr,De,Es,It,Nl)","Wetrix (USA) (En,Fr,De,Es,It,Nl).jpg","Wetrix (USA) (En,Fr,De,Es,It,Nl).jpg",100.0
N64,Wheel of Fortune (USA),Wheel of Fortune (USA).jpg,Wheel of Fortune (USA).jpg,100.0
N64,WinBack - Covert Operations (USA),WinBack - Covert Operations (USA).jpg,WinBack - Covert Operations (USA).jpg,100.0
N64,Wipeout 64 (USA),Wipeout 64 (USA).jpg,Wipeout 64 (USA).jpg,100.0
N64,"World Cup 98 (USA) (En,Fr,De,Es,It,Nl,Sv,Da)","World Cup 98 (USA) (En,Fr,De,Es,It,Nl,Sv,Da).jpg","World Cup 98 (USA) (En,Fr,De,Es,It,Nl,Sv,Da).jpg",100.0
N64,World Driver Championship (USA),World Driver Championship (USA).jpg,World Driver Championship (USA).jpg,100.0
N64,"Worms Armageddon (USA) (En,Fr,Es)","Worms Armageddon (USA) (En,Fr,Es).jpg","Worms Armageddon (USA) (En,Fr,Es).jpg",100.0
N64,WWF Attitude (USA),WWF Attitude (USA).jpg,WWF Attitude (USA).jpg,100.0
N64,WWF War Zone (USA),WWF War Zone (USA).jpg,WWF War Zone (USA).jpg,100.0
N64,"Yoshi's Story (USA) (En,Ja)","Yoshi's Story (USA) (En,Ja).jpg","Yoshi's Story (USA) (En,Ja).jpg",100.0
Nintendo Game Boy Advance,"007 - Everything or Nothing (USA, Europe) (En,Fr,De)","007 - Everything or Nothing (USA, Europe) (En,Fr,De).png","007 - Everything or Nothing (USA, Europe) (En,Fr,De).png",100.0
Nintendo Game Boy Advance,"007 - NightFire (USA, Europe) (En,Fr,De)","007 - NightFire (USA, Europe) (En,Fr,De).png","007 - NightFire (USA, Europe) (En,Fr,De).png",100.0
Nintendo Game Boy Advance,"2 Disney Games - Disney Sports - Football + Disney Sports - Skateboarding (Europe) (En,Fr,De,Es,It)","2 Disney Games - Disney Sports - Football + Disney Sports - Skateboarding (Europe) (En,Fr,De,Es,It).jpg","2 Disney Games - Disney Sports - Football + Disney Sports - Skateboarding (Europe) (En,Fr,De,Es,It).jpg",100.0
Nintendo Game Boy Advance,"2 Disney Games - Lilo & Stitch 2 + Peter Pan - Return to Neverland (Europe) (En,Fr,De,Es En,Fr,De,Es,It,Nl)","2 Disney Games - Lilo & Stitch 2 + Peter Pan - Return to Neverland (Europe) (En,Fr,De,Es En,Fr,De,Es,It,Nl).jpg","2 Disney Games - Lilo & Stitch 2 + Peter Pan - Return to Neverland (Europe) (En,Fr,De,Es En,Fr,De,Es,It,Nl).jpg",100.0
Nintendo Game Boy Advance,"2 Game Pack! - Hot Wheels - Stunt Track Challenge + Hot Wheels - World Race (USA, Europe)","2 Game Pack! - Hot Wheels - Stunt Track Challenge + Hot Wheels - World Race (USA, Europe).jpg","2 Game Pack! - Hot Wheels - Stunt Track Challenge + Hot Wheels - World Race (USA, Europe).jpg",100.0
Nintendo Game Boy Advance,"2 Game Pack! - Matchbox Missions - Emergency Response + Air, Land and Sea Rescue (USA)","2 Game Pack! - Matchbox Missions - Emergency Response + Air, Land and Sea Rescue (USA).png","2 Game Pack! - Matchbox Missions - Emergency Response + Air, Land and Sea Rescue (USA).png",100.0
Nintendo Game Boy Advance,2 Game Pack! - Uno + Skip-Bo (USA),2 Game Pack! - Uno + Skip-Bo (USA).png,2 Game Pack! - Uno + Skip-Bo (USA).png,100.0
Nintendo Game Boy Advance,"2 Games in 1 - Bionicle + Knights' Kingdom (Europe) (En,Fr,De,Da+En,De)","2 Games in 1 - Bionicle + Knights' Kingdom (Europe) (En,Fr,De,Da+En,De).png","2 Games in 1 - Bionicle + Knights' Kingdom (Europe) (En,Fr,De,Da+En,De).png",100.0
Nintendo Game Boy Advance,"2 Games in 1 - Brother Bear + The Lion King (Europe) (En,Fr,De,Es,It,Nl,Sv,Da)","2 Games in 1 - Brother Bear + The Lion King (Europe) (En,Fr,De,Es,It,Nl,Sv,Da).png","2 Games in 1 - Brother Bear + The Lion King (Europe) (En,Fr,De,Es,It,Nl,Sv,Da).png",100.0
Nintendo Game Boy Advance,2 Games in 1 - Cartoon Network Block Party + Cartoon Network Speedway (USA),2 Games in 1 - Cartoon Network Block Party + Cartoon Network Speedway (USA).jpg,2 Games in 1 - Cartoon Network Block Party + Cartoon Network Speedway (USA).jpg,100.0
Nintendo Game Boy Advance,"2 Games in 1 - Columns Crown + ChuChu Rocket! (Europe) (En+En,Ja,Fr,De,Es)","2 Games in 1 - Columns Crown + ChuChu Rocket! (Europe) (En+En,Ja,Fr,De,Es).png","2 Games in 1 - Columns Crown + ChuChu Rocket! (Europe) (En+En,Ja,Fr,De,Es).png",100.0
Nintendo Game Boy Advance,"2 Games in 1 - Disney Princess + Brother Bear (Europe) (En+En,Fr,De,Es,It,Nl,Sv,Da)","2 Games in 1 - Disney Princess + Brother Bear (Europe) (En+En,Fr,De,Es,It,Nl,Sv,Da).jpg","2 Games in 1 - Disney Princess + Brother Bear (Europe) (En+En,Fr,De,Es,It,Nl,Sv,Da).jpg",100.0
Nintendo Game Boy Advance,2 Games in 1 - Disney Princess + Lizzie McGuire (Europe),2 Games in 1 - Disney Princess + Lizzie McGuire (Europe).jpg,2 Games in 1 - Disney Princess + Lizzie McGuire (Europe).jpg,100.0
Nintendo Game Boy Advance,2 Games in 1 - Dragon Ball Z - The Legacy of Goku I & II (USA),2 Games in 1 - Dragon Ball Z - The Legacy of Goku I & II (USA).jpg,2 Games in 1 - Dragon Ball Z - The Legacy of Goku I & II (USA).jpg,100.0
Nintendo Game Boy Advance,"2 Games in 1 - Finding Nemo + Finding Nemo - The Continuing Adventures (Europe) (En+En,Es,It,Sv,Da)","2 Games in 1 - Finding Nemo + Finding Nemo - The Continuing Adventures (Europe) (En+En,Es,It,Sv,Da).jpg","2 Games in 1 - Finding Nemo + Finding Nemo - The Continuing Adventures (Europe) (En+En,Es,It,Sv,Da).jpg",100.0
Nintendo Game Boy Advance,2 Games in 1 - Finding Nemo + The Incredibles (Europe),2 Games in 1 - Finding Nemo + The Incredibles (Europe).png,2 Games in 1 - Finding Nemo + The Incredibles (Europe).png,100.0
Nintendo Game Boy Advance,2 Games in 1 - Finding Nemo - The Continuing Adventures + The Incredibles (USA),2 Games in 1 - Finding Nemo - The Continuing Adventures + The Incredibles (USA).png,2 Games in 1 - Finding Nemo - The Continuing Adventures + The Incredibles (USA).png,100.0
Nintendo Game Boy Advance,2 Games in 1 - Golden Nugget Casino + Texas Hold 'em Poker (USA),2 Games in 1 - Golden Nugget Casino + Texas Hold 'em Poker (USA).jpg,2 Games in 1 - Golden Nugget Casino + Texas Hold 'em Poker (USA).jpg,100.0
Nintendo Game Boy Advance,2 Games in 1 - Hot Wheels - Velocity X + Hot Wheels - World Race (USA),2 Games in 1 - Hot Wheels - Velocity X + Hot Wheels - World Race (USA).png,2 Games in 1 - Hot Wheels - Velocity X + Hot Wheels - World Race (USA).png,100.0
Nintendo Game Boy Advance,"2 Games in 1 - Monsters, Inc. + Finding Nemo (USA)","2 Games in 1 - Monsters, Inc. + Finding Nemo (USA).png","2 Games in 1 - Monsters, Inc. + Finding Nemo (USA).png",100.0
Nintendo Game Boy Advance,"2 Games in 1 - Moto GP + GT Advance 3 - Pro Concept Racing (Europe) (En,Fr,De,Es,It+En)","2 Games in 1 - Moto GP + GT Advance 3 - Pro Concept Racing (Europe) (En,Fr,De,Es,It+En).png","2 Games in 1 - Moto GP + GT Advance 3 - Pro Concept Racing (Europe) (En,Fr,De,Es,It+En).png",100.0
Nintendo Game Boy Advance,"2 Games in 1 - Power Rangers - Ninja Storm + Power Rangers - Time Force (USA) (En,Fr,De+En)","2 Games in 1 - Power Rangers - Ninja Storm + Power Rangers - Time Force (USA) (En,Fr,De+En).jpg","2 Games in 1 - Power Rangers - Ninja Storm + Power Rangers - Time Force (USA) (En,Fr,De+En).jpg",100.0
Nintendo Game Boy Advance,2 Games in 1 - Quad Desert Fury + Monster Trucks (USA),2 Games in 1 - Quad Desert Fury + Monster Trucks (USA).jpg,2 Games in 1 - Quad Desert Fury + Monster Trucks (USA).jpg,100.0
Nintendo Game Boy Advance,2 Games in 1 - Rugrats - Go Wild + SpongeBob SquarePants - SuperSponge (Europe),2 Games in 1 - Rugrats - Go Wild + SpongeBob SquarePants - SuperSponge (Europe).jpg,2 Games in 1 - Rugrats - Go Wild + SpongeBob SquarePants - SuperSponge (Europe).jpg,100.0
Nintendo Game Boy Advance,2 Games in 1 - Scooby-Doo + Scooby-Doo 2 - Monsters Unleashed (USA),2 Games in 1 - Scooby-Doo + Scooby-Doo 2 - Monsters Unleashed (USA).jpg,2 Games in 1 - Scooby-Doo + Scooby-Doo 2 - Monsters Unleashed (USA).jpg,100.0
Nintendo Game Boy Advance,"2 Games in 1 - Scooby-Doo! - Mystery Mayhem + Scooby-Doo and the Cyber Chase (USA) (En,Fr,De+En)","2 Games in 1 - Scooby-Doo! - Mystery Mayhem + Scooby-Doo and the Cyber Chase (USA) (En,Fr,De+En).png","2 Games in 1 - Scooby-Doo! - Mystery Mayhem + Scooby-Doo and the Cyber Chase (USA) (En,Fr,De+En).png",100.0
Nintendo Game Boy Advance,"2 Games in 1 - Sonic Advance + ChuChu Rocket! (Europe) (En,Ja,Fr,De,Es)","2 Games in 1 - Sonic Advance + ChuChu Rocket! (Europe) (En,Ja,Fr,De,Es).jpg","2 Games in 1 - Sonic Advance + ChuChu Rocket! (Europe) (En,Ja,Fr,De,Es).jpg",100.0
Nintendo Game Boy Advance,"2 Games in 1 - Sonic Advance + Sonic Battle (Europe) (En,Ja,Fr,De,Es+En,Ja,Fr,De,Es,It)","2 Games in 1 - Sonic Advance + Sonic Battle (Europe) (En,Ja,Fr,De,Es+En,Ja,Fr,De,Es,It).png","2 Games in 1 - Sonic Advance + Sonic Battle (Europe) (En,Ja,Fr,De,Es+En,Ja,Fr,De,Es,It).png",100.0
Nintendo Game Boy Advance,"2 Games in 1 - Sonic Battle + ChuChu Rocket! (Europe) (En,Ja,Fr,De,Es,It+En,Ja,Fr,De,Es)","2 Games in 1 - Sonic Battle + ChuChu Rocket! (Europe) (En,Ja,Fr,De,Es,It+En,Ja,Fr,De,Es).png","2 Games in 1 - Sonic Battle + ChuChu Rocket! (Europe) (En,Ja,Fr,De,Es,It+En,Ja,Fr,De,Es).png",100.0
Nintendo Game Boy Advance,"2 Games in 1 - Sonic Battle + Sonic Pinball Party (Europe) (En,Ja,Fr,De,Es,It)","2 Games in 1 - Sonic Battle + Sonic Pinball Party (Europe) (En,Ja,Fr,De,Es,It).jpg","2 Games in 1 - Sonic Battle + Sonic Pinball Party (Europe) (En,Ja,Fr,De,Es,It).jpg",100.0
Nintendo Game Boy Advance,"2 Games in 1 - Sonic Pinball Party + Columns Crown (Europe) (En,Ja,Fr,De,Es,It+En)","2 Games in 1 - Sonic Pinball Party + Columns Crown (Europe) (En,Ja,Fr,De,Es,It+En).jpg","2 Games in 1 - Sonic Pinball Party + Columns Crown (Europe) (En,Ja,Fr,De,Es,It+En).jpg",100.0
Nintendo Game Boy Advance,"2 Games in 1 - SpongeBob SquarePants - Battle for Bikini Bottom + Jimmy Neutron Boy Genius (Europe) (En,Fr,De+En,Fr,De,Es)","2 Games in 1 - SpongeBob SquarePants - Battle for Bikini Bottom + Jimmy Neutron Boy Genius (Europe) (En,Fr,De+En,Fr,De,Es).jpg","2 Games in 1 - SpongeBob SquarePants - Battle for Bikini Bottom + Jimmy Neutron Boy Genius (Europe) (En,Fr,De+En,Fr,De,Es).jpg",100.0
Nintendo Game Boy Advance,2 Games in 1 - SpongeBob SquarePants - Battle for Bikini Bottom + Nicktoons - Freeze Frame Frenzy (USA),2 Games in 1 - SpongeBob SquarePants - Battle for Bikini Bottom + Nicktoons - Freeze Frame Frenzy (USA).jpg,2 Games in 1 - SpongeBob SquarePants - Battle for Bikini Bottom + Nicktoons - Freeze Frame Frenzy (USA).jpg,100.0
Nintendo Game Boy Advance,2 Games in 1 - SpongeBob SquarePants - Battle for Bikini Bottom + The Fairly OddParents! - Breakin' da Rules (USA),2 Games in 1 - SpongeBob SquarePants - Battle for Bikini Bottom + The Fairly OddParents! - Breakin' da Rules (USA).png,2 Games in 1 - SpongeBob SquarePants - Battle for Bikini Bottom + The Fairly OddParents! - Breakin' da Rules (USA).png,100.0
Nintendo Game Boy Advance,2 Games in 1 - SpongeBob SquarePants - Revenge of the Flying Dutchman + SpongeBob SquarePants - SuperSponge (USA),2 Games in 1 - SpongeBob SquarePants - Revenge of the Flying Dutchman + SpongeBob SquarePants - SuperSponge (USA).png,2 Games in 1 - SpongeBob SquarePants - Revenge of the Flying Dutchman + SpongeBob SquarePants - SuperSponge (USA).png,100.0
Nintendo Game Boy Advance,2 Games in 1 - SpongeBob SquarePants - SuperSponge + SpongeBob SquarePants - Battle for Bikini Bottom (Europe),2 Games in 1 - SpongeBob SquarePants - SuperSponge + SpongeBob SquarePants - Battle for Bikini Bottom (Europe).jpg,2 Games in 1 - SpongeBob SquarePants - SuperSponge + SpongeBob SquarePants - Battle for Bikini Bottom (Europe).jpg,100.0
Nintendo Game Boy Advance,"2 Games in 1 - The Lion King + Disney Princess (Europe) (En,Fr,De,Es,It,Nl,Sv,Da+En)","2 Games in 1 - The Lion King + Disney Princess (Europe) (En,Fr,De,Es,It,Nl,Sv,Da+En).png","2 Games in 1 - The Lion King + Disney Princess (Europe) (En,Fr,De,Es,It,Nl,Sv,Da+En).png",100.0
Nintendo Game Boy Advance,"2 Games in 1 - The SpongeBob SquarePants Movie + SpongeBob SquarePants and Friends in Freeze Frame Frenzy (Europe) (En,Fr,De,Es,It,Nl+En,Fr,De,Es,Nl)","2 Games in 1 - The SpongeBob SquarePants Movie + SpongeBob SquarePants and Friends in Freeze Frame Frenzy (Europe) (En,Fr,De,Es,It,Nl+En,Fr,De,Es,Nl).jpg","2 Games in 1 - The SpongeBob SquarePants Movie + SpongeBob SquarePants and Friends in Freeze Frame Frenzy (Europe) (En,Fr,De,Es,It,Nl+En,Fr,De,Es,Nl).jpg",100.0
Nintendo Game Boy Advance,2 Games in 1! - Dragon Ball Z - Buu's Fury + Dragon Ball GT - Transformation (USA),2 Games in 1! - Dragon Ball Z - Buu's Fury + Dragon Ball GT - Transformation (USA).jpg,2 Games in 1! - Dragon Ball Z - Buu's Fury + Dragon Ball GT - Transformation (USA).jpg,100.0
Nintendo Game Boy Advance,"2 Games in One! - Dr. Mario + Puzzle League (USA, Australia)","2 Games in One! - Dr. Mario + Puzzle League (USA, Australia).png","2 Games in One! - Dr. Mario + Puzzle League (USA, Australia).png",100.0
Nintendo Game Boy Advance,2 Games in One! - Gauntlet + Rampart (USA),2 Games in One! - Gauntlet + Rampart (USA).png,2 Games in One! - Gauntlet + Rampart (USA).png,100.0
Nintendo Game Boy Advance,2 Games in One! - Marble Madness + Klax (USA),2 Games in One! - Marble Madness + Klax (USA).png,2 Games in One! - Marble Madness + Klax (USA).png,100.0
Nintendo Game Boy Advance,2 Games in One! - Paperboy + Rampage (USA),2 Games in One! - Paperboy + Rampage (USA).png,2 Games in One! - Paperboy + Rampage (USA).png,100.0
Nintendo Game Boy Advance,2 Games in One! - Spy Hunter + Super Sprint (USA),2 Games in One! - Spy Hunter + Super Sprint (USA).png,2 Games in One! - Spy Hunter + Super Sprint (USA).png,100.0
Nintendo Game Boy Advance,2 Great Games! - Pac-Man World + Ms. Pac-Man - Maze Madness (USA),2 Great Games! - Pac-Man World + Ms. Pac-Man - Maze Madness (USA).jpg,2 Great Games! - Pac-Man World + Ms. Pac-Man - Maze Madness (USA).jpg,100.0
Nintendo Game Boy Advance,"2 in 1 - Asterix & Obelix - Bash Them All! + Asterix & Obelix XXL (Europe) (En,Fr,De,Es,It,Nl)","Asterix & Obelix XXL (Europe) (En,Fr,De,Es,It,Nl).png","2 in 1 - Asterix & Obelix - Bash Them All! + Asterix & Obelix XXL (Europe) (En,Fr,De,Es,It,Nl).png",90.0
Nintendo Game Boy Advance,"2 in 1 - V-Rally 3 + Stuntman (Europe) (En,Fr,De,Es,It)","2 in 1 - V-Rally 3 + Stuntman (Europe) (En,Fr,De,Es,It).png","2 in 1 - V-Rally 3 + Stuntman (Europe) (En,Fr,De,Es,It).png",100.0
Nintendo Game Boy Advance,2 in 1 Game Pack - Shrek 2 + Shark Tale (USA),2 in 1 Game Pack - Shrek 2 + Shark Tale (USA).jpg,2 in 1 Game Pack - Shrek 2 + Shark Tale (USA).jpg,100.0
Nintendo Game Boy Advance,"2 in 1 Game Pack - Spider-Man + Spider-Man 2 (USA) (En,Fr,De+En,Fr,De,Es)","2 in 1 Game Pack - Spider-Man + Spider-Man 2 (USA) (En,Fr,De+En,Fr,De,Es).jpg","2 in 1 Game Pack - Spider-Man + Spider-Man 2 (USA) (En,Fr,De+En,Fr,De,Es).jpg",100.0
Nintendo Game Boy Advance,"2 in 1 Game Pack - Spider-Man - Mysterio's Menace + X2 - Wolverine's Revenge (USA, Europe)","2 in 1 Game Pack - Spider-Man - Mysterio's Menace + X2 - Wolverine's Revenge (USA, Europe).jpg","2 in 1 Game Pack - Spider-Man - Mysterio's Menace + X2 - Wolverine's Revenge (USA, Europe).jpg",100.0
Nintendo Game Boy Advance,"2 in 1 Game Pack - Tony Hawk's Underground + Kelly Slater's Pro Surfer (USA, Europe)","2 in 1 Game Pack - Tony Hawk's Underground + Kelly Slater's Pro Surfer (USA, Europe).jpg","2 in 1 Game Pack - Tony Hawk's Underground + Kelly Slater's Pro Surfer (USA, Europe).jpg",100.0
Nintendo Game Boy Advance,2-in-1 Fun Pack - Shrek 2 + Madagascar (USA),2-in-1 Fun Pack - Shrek 2 + Madagascar (USA).png,2-in-1 Fun Pack - Shrek 2 + Madagascar (USA).png,100.0
Nintendo Game Boy Advance,2-in-1 Fun Pack - Shrek 2 + Madagascar - Operation Penguin (USA),2-in-1 Fun Pack - Shrek 2 + Madagascar - Operation Penguin (USA).jpg,2-in-1 Fun Pack - Shrek 2 + Madagascar - Operation Penguin (USA).jpg,100.0
Nintendo Game Boy Advance,"2006 FIFA World Cup - Germany 2006 (USA, Europe) (En,Fr,De,Es,It)","2006 FIFA World Cup - Germany 2006 (USA, Europe) (En,Fr,De,Es,It).png","2006 FIFA World Cup - Germany 2006 (USA, Europe) (En,Fr,De,Es,It).png",100.0
Nintendo Game Boy Advance,2K Sports - Major League Baseball 2K7 (USA),2K Sports - Major League Baseball 2K7 (USA).png,2K Sports - Major League Baseball 2K7 (USA).png,100.0
Nintendo Game Boy Advance,3 Game Pack! - Candy Land + Chutes and Ladders + Original Memory Game (USA),3 Game Pack! - Candy Land + Chutes and Ladders + Original Memory Game (USA).jpg,3 Game Pack! - Candy Land + Chutes and Ladders + Original Memory Game (USA).jpg,100.0
Nintendo Game Boy Advance,3 Game Pack! - Mouse Trap + Simon + Operation (USA),3 Game Pack! - Mouse Trap + Simon + Operation (USA).png,3 Game Pack! - Mouse Trap + Simon + Operation (USA).png,100.0
Nintendo Game Boy Advance,3 Game Pack! - The Game of Life + Payday + Yahtzee (USA),3 Game Pack! - The Game of Life + Payday + Yahtzee (USA).png,3 Game Pack! - The Game of Life + Payday + Yahtzee (USA).png,100.0
Nintendo Game Boy Advance,"3 Games in 1 - Rugrats - I Gotta Go Party + SpongeBob SquarePants - SuperSponge + Tak and the Power of Juju (Europe) (En+En+En,Fr,De)","3 Games in 1 - Rugrats - I Gotta Go Party + SpongeBob SquarePants - SuperSponge + Tak and the Power of Juju (Europe) (En+En+En,Fr,De).png","3 Games in 1 - Rugrats - I Gotta Go Party + SpongeBob SquarePants - SuperSponge + Tak and the Power of Juju (Europe) (En+En+En,Fr,De).png",100.0
Nintendo Game Boy Advance,3 Games in One! - Breakout + Centipede + Warlords (USA),3 Games in One! - Breakout + Centipede + Warlords (USA).png,3 Games in One! - Breakout + Centipede + Warlords (USA).png,100.0
Nintendo Game Boy Advance,3 Games in One! - Super Breakout + Millipede + Lunar Lander (USA),3 Games in One! - Super Breakout + Millipede + Lunar Lander (USA).png,3 Games in One! - Super Breakout + Millipede + Lunar Lander (USA).png,100.0
Nintendo Game Boy Advance,3 Games in One! - Yars' Revenge + Asteroids + Pong (USA),3 Games in One! - Yars' Revenge + Asteroids + Pong (USA).png,3 Games in One! - Yars' Revenge + Asteroids + Pong (USA).png,100.0
Nintendo Game Boy Advance,4 Games on One Game Pak (Nicktoons) (USA),4 Games on One Game Pak (Nicktoons) (USA).png,4 Games on One Game Pak (Nicktoons) (USA).png,100.0
Nintendo Game Boy Advance,"Ace Combat Advance (USA, Europe)","Ace Combat Advance (USA, Europe).jpg","Ace Combat Advance (USA, Europe).jpg",100.0
Nintendo Game Boy Advance,Ace Lightning (Europe),Ace Lightning (Europe).jpg,Ace Lightning (Europe).jpg,100.0
Nintendo Game Boy Advance,"Action Man - Robot Atak (Europe) (En,Fr,De,Es,It)","Action Man - Robot Atak (Europe) (En,Fr,De,Es,It).jpg","Action Man - Robot Atak (Europe) (En,Fr,De,Es,It).jpg",100.0
Nintendo Game Boy Advance,Activision Anthology (USA),Activision Anthology (USA).jpg,Activision Anthology (USA).jpg,100.0
Nintendo Game Boy Advance,Advance Guardian Heroes (USA),Guardian Heroes Advance (KOR).jpg,Advance Guardian Heroes (USA).jpg,95.0
Nintendo Game Boy Advance,Advance Wars (USA) (Rev 1),Advance Wars (USA) (Rev 1).png,Advance Wars (USA) (Rev 1).png,100.0
Nintendo Game Boy Advance,"Advance Wars 2 - Black Hole Rising (USA, Australia)","Advance Wars 2 - Black Hole Rising (USA, Australia).png","Advance Wars 2 - Black Hole Rising (USA, Australia).png",100.0
Nintendo Game Boy Advance,"Adventures of Jimmy Neutron Boy Genius vs. Jimmy Negatron, The (USA, Europe)","Adventures of Jimmy Neutron Boy Genius vs. Jimmy Negatron, The (USA, Europe).png","Adventures of Jimmy Neutron Boy Genius vs. Jimmy Negatron, The (USA, Europe).png",100.0
Nintendo Game Boy Advance,"Adventures of Jimmy Neutron Boy Genius, The - Attack of the Twonkies (USA, Europe)","Adventures of Jimmy Neutron Boy Genius, The - Attack of the Twonkies (USA, Europe).png","Adventures of Jimmy Neutron Boy Genius, The - Attack of the Twonkies (USA, Europe).png",100.0
Nintendo Game Boy Advance,"Adventures of Jimmy Neutron Boy Genius, The - Jet Fusion (USA, Europe)","Adventures of Jimmy Neutron Boy Genius, The - Jet Fusion (USA, Europe).jpg","Adventures of Jimmy Neutron Boy Genius, The - Jet Fusion (USA, Europe).jpg",100.0
Nintendo Game Boy Advance,Aero the Acro-Bat - Rascal Rival Revenge (USA),Aero the Acro-Bat - Rascal Rival Revenge (USA).png,Aero the Acro-Bat - Rascal Rival Revenge (USA).png,100.0
Nintendo Game Boy Advance,Agassi Tennis Generation (USA),Agassi Tennis Generation (USA).jpg,Agassi Tennis Generation (USA).jpg,100.0
Nintendo Game Boy Advance,"Agent Hugo - Roborumble (Europe) (En,Fr,De,Es,It,Nl,Pt,Sv,No,Da,Fi)","Agent Hugo - Roborumble (Europe) (En,Fr,De,Es,It,Nl,Pt,Sv,No,Da,Fi).jpg","Agent Hugo - Roborumble (Europe) (En,Fr,De,Es,It,Nl,Pt,Sv,No,Da,Fi).jpg",100.0
Nintendo Game Boy Advance,Aggressive Inline (USA),Aggressive Inline (USA).jpg,Aggressive Inline (USA).jpg,100.0
Nintendo Game Boy Advance,"Aladdin (USA) (En,Fr,De,Es)","Aladdin (USA) (En,Fr,De,Es).jpg","Aladdin (USA) (En,Fr,De,Es).jpg",100.0
Nintendo Game Boy Advance,"Alex Ferguson's Player Manager 2002 (Europe) (En,Fr,De,Es,It,Nl)","Alex Ferguson's Player Manager 2002 (Europe) (En,Fr,De,Es,It,Nl).jpg","Alex Ferguson's Player Manager 2002 (Europe) (En,Fr,De,Es,It,Nl).jpg",100.0
Nintendo Game Boy Advance,Alex Rider - Stormbreaker (USA),Alex Rider - Stormbreaker (USA).jpg,Alex Rider - Stormbreaker (USA).jpg,100.0
Nintendo Game Boy Advance,"Alien Hominid (Europe) (En,Fr,De,Es,It)","Alien Hominid (Europe) (En,Fr,De,Es,It).jpg","Alien Hominid (Europe) (En,Fr,De,Es,It).jpg",100.0
Nintendo Game Boy Advance,"Alienators - Evolution Continues (USA, Europe)","Alienators - Evolution Continues (USA, Europe).jpg","Alienators - Evolution Continues (USA, Europe).jpg",100.0
Nintendo Game Boy Advance,"All Grown Up! - Express Yourself (USA, Europe)","All Grown Up! - Express Yourself (USA, Europe).jpg","All Grown Up! - Express Yourself (USA, Europe).jpg",100.0
Nintendo Game Boy Advance,All-Star Baseball 2003 (USA),All-Star Baseball 2003 (USA).jpg,All-Star Baseball 2003 (USA).jpg,100.0
Nintendo Game Boy Advance,All-Star Baseball 2004 (USA),All-Star Baseball 2004 (USA).png,All-Star Baseball 2004 (USA).png,100.0
Nintendo Game Boy Advance,Altered Beast - Guardian of the Realms (USA),Altered Beast - Guardian of the Realms (USA).jpg,Altered Beast - Guardian of the Realms (USA).jpg,100.0
Nintendo Game Boy Advance,"Amazing Virtual Sea-Monkeys, The (USA)","Amazing Virtual Sea-Monkeys, The (USA).png","Amazing Virtual Sea-Monkeys, The (USA).png",100.0
Nintendo Game Boy Advance,American Bass Challenge (USA),American Bass Challenge (USA).jpg,American Bass Challenge (USA).jpg,100.0
Nintendo Game Boy Advance,"American Dragon - Jake Long - Rise of the Huntsclan (USA, Europe) (En,Fr,De,Es,It)","American Dragon - Jake Long - Rise of the Huntsclan (USA, Europe) (En,Fr,De,Es,It).jpg","American Dragon - Jake Long - Rise of the Huntsclan (USA, Europe) (En,Fr,De,Es,It).jpg",100.0
Nintendo Game Boy Advance,American Idol (USA),American Idol (USA).png,American Idol (USA).png,100.0
Nintendo Game Boy Advance,"An American Tail - Fievel's Gold Rush (USA) (En,Es)","An American Tail - Fievel's Gold Rush (USA) (En,Es).jpg","An American Tail - Fievel's Gold Rush (USA) (En,Es).jpg",100.0
Nintendo Game Boy Advance,Animal Snap - Rescue Them 2 by 2 (USA),Animal Snap - Rescue Them 2 by 2 (USA).jpg,Animal Snap - Rescue Them 2 by 2 (USA).jpg,100.0
Nintendo Game Boy Advance,"Animaniacs - Lights, Camera, Action! (Europe) (En,Fr,De,Es,It)","Animaniacs - Lights, Camera, Action! (Europe) (En,Fr,De,Es,It).jpg","Animaniacs - Lights, Camera, Action! (Europe) (En,Fr,De,Es,It).jpg",100.0
Nintendo Game Boy Advance,"Ant Bully, The (USA) (En,Fr)","Ant Bully, The (USA) (En,Fr).jpg","Ant Bully, The (USA) (En,Fr).jpg",100.0
Nintendo Game Boy Advance,Antz - Extreme Racing (USA),Antz - Extreme Racing (USA).jpg,Antz - Extreme Racing (USA).jpg,100.0
Nintendo Game Boy Advance,Archer Maclean's 3D Pool (USA),Archer Maclean's 3D Pool (USA).jpg,Archer Maclean's 3D Pool (USA).jpg,100.0
Nintendo Game Boy Advance,Arctic Tale (USA),Arctic Tale (USA).jpg,Arctic Tale (USA).jpg,100.0
Nintendo Game Boy Advance,"Army Men - Operation Green (USA, Europe) (En,Fr,De,Es,It)","Army Men - Operation Green (USA, Europe) (En,Fr,De,Es,It).jpg","Army Men - Operation Green (USA, Europe) (En,Fr,De,Es,It).jpg",100.0
Nintendo Game Boy Advance,Army Men - Turf Wars (USA),Army Men - Turf Wars (USA).jpg,Army Men - Turf Wars (USA).jpg,100.0
Nintendo Game Boy Advance,"Army Men Advance (USA, Europe) (En,Fr,De,Es,It)","Army Men Advance (USA, Europe) (En,Fr,De,Es,It).jpg","Army Men Advance (USA, Europe) (En,Fr,De,Es,It).jpg",100.0
Nintendo Game Boy Advance,Around the World in 80 Days (USA),Around the World in 80 Days (USA).jpg,Around the World in 80 Days (USA).jpg,100.0
Nintendo Game Boy Advance,"Arthur and the Invisibles (USA) (En,Fr,Es)","Arthur and the Invisibles (USA) (En,Fr,Es).jpg","Arthur and the Invisibles (USA) (En,Fr,Es).jpg",100.0
Nintendo Game Boy Advance,Atari Anniversary Advance (USA),Atari Anniversary Advance (USA).jpg,Atari Anniversary Advance (USA).jpg,100.0
Nintendo Game Boy Advance,"Atlantis - The Lost Empire (USA, Europe)","Atlantis - The Lost Empire (USA, Europe).jpg","Atlantis - The Lost Empire (USA, Europe).jpg",100.0
Nintendo Game Boy Advance,"Atomic Betty (USA, Europe)","Atomic Betty (USA, Europe).jpg","Atomic Betty (USA, Europe).jpg",100.0
Nintendo Game Boy Advance,"ATV - Quad Power Racing (USA, Europe)","ATV - Quad Power Racing (USA, Europe).jpg","ATV - Quad Power Racing (USA, Europe).jpg",100.0
Nintendo Game Boy Advance,ATV - Thunder Ridge Riders (USA),ATV - Thunder Ridge Riders (USA).jpg,ATV - Thunder Ridge Riders (USA).jpg,100.0
Nintendo Game Boy Advance,Avatar - The Last Airbender (USA),Avatar - The Last Airbender (USA).jpg,Avatar - The Last Airbender (USA).jpg,100.0
Nintendo Game Boy Advance,Avatar - The Last Airbender - The Burning Earth (USA),Avatar - The Last Airbender - The Burning Earth (USA).png,Avatar - The Last Airbender - The Burning Earth (USA).png,100.0
Nintendo Game Boy Advance,Azumanga Daiou Advance (KOR),Azumanga Daiou Advance (KOR).png,Azumanga Daiou Advance (KOR).png,100.0
Nintendo Game Boy Advance,"Babar to the Rescue (USA) (En,Fr,Es)","Babar to the Rescue (USA) (En,Fr,Es).jpg","Babar to the Rescue (USA) (En,Fr,Es).jpg",100.0
Nintendo Game Boy Advance,"Back to Stone (USA) (En,Fr)","Back to Stone (USA) (En,Fr).jpg","Back to Stone (USA) (En,Fr).jpg",100.0
Nintendo Game Boy Advance,"Back Track (USA, Europe)","Back Track (USA, Europe).jpg","Back Track (USA, Europe).jpg",100.0
Nintendo Game Boy Advance,Backyard Baseball (USA),Backyard Baseball (USA).jpg,Backyard Baseball (USA).jpg,100.0
Nintendo Game Boy Advance,Backyard Baseball 2006 (USA),Backyard Baseball 2006 (USA).png,Backyard Baseball 2006 (USA).png,100.0
Nintendo Game Boy Advance,Backyard Basketball (USA),Backyard Basketball (USA).jpg,Backyard Basketball (USA).jpg,100.0
Nintendo Game Boy Advance,Backyard Football (USA),Backyard Football (USA).jpg,Backyard Football (USA).jpg,100.0
Nintendo Game Boy Advance,Backyard Football 2006 (USA),Backyard Football 2006 (USA).png,Backyard Football 2006 (USA).png,100.0
Nintendo Game Boy Advance,Backyard Hockey (USA),Backyard Hockey (USA).jpg,Backyard Hockey (USA).jpg,100.0
Nintendo Game Boy Advance,Backyard Skateboarding (USA),Backyard Skateboarding (USA).jpg,Backyard Skateboarding (USA).jpg,100.0
Nintendo Game Boy Advance,Backyard Sports - Baseball 2007 (USA),Backyard Sports - Baseball 2007 (USA).jpg,Backyard Sports - Baseball 2007 (USA).jpg,100.0
Nintendo Game Boy Advance,Backyard Sports - Basketball 2007 (USA),Backyard Sports - Basketball 2007 (USA).png,Backyard Sports - Basketball 2007 (USA).png,100.0
Nintendo Game Boy Advance,Backyard Sports - Football 2007 (USA),Backyard Sports - Football 2007 (USA).jpg,Backyard Sports - Football 2007 (USA).jpg,100.0
Nintendo Game Boy Advance,Baldur's Gate - Dark Alliance (USA),Baldur's Gate - Dark Alliance (USA).jpg,Baldur's Gate - Dark Alliance (USA).jpg,100.0
Nintendo Game Boy Advance,Banjo Pilot (USA),Banjo Pilot (USA).png,Banjo Pilot (USA).png,100.0
Nintendo Game Boy Advance,"Banjo-Kazooie - Grunty's Revenge (USA, Europe)","Banjo-Kazooie - Grunty's Revenge (USA, Europe).png","Banjo-Kazooie - Grunty's Revenge (USA, Europe).png",100.0
Nintendo Game Boy Advance,Barbie - The Princess and the Pauper (USA),Barbie - The Princess and the Pauper (USA).jpg,Barbie - The Princess and the Pauper (USA).jpg,100.0
Nintendo Game Boy Advance,Barbie and the Magic of Pegasus (USA),Barbie and the Magic of Pegasus (USA).jpg,Barbie and the Magic of Pegasus (USA).jpg,100.0
Nintendo Game Boy Advance,Barbie as the Island Princess (USA),Barbie as the Island Princess (USA).jpg,Barbie as the Island Princess (USA).jpg,100.0
Nintendo Game Boy Advance,"Barbie Diaries, The - High School Mystery (USA)","Barbie Diaries, The - High School Mystery (USA).jpg","Barbie Diaries, The - High School Mystery (USA).jpg",100.0
Nintendo Game Boy Advance,Barbie Groovy Games (USA),Barbie Groovy Games (USA).png,Barbie Groovy Games (USA).png,100.0
Nintendo Game Boy Advance,Barbie Horse Adventures - Blue Ribbon Race (USA),Barbie Horse Adventures - Blue Ribbon Race (USA).png,Barbie Horse Adventures - Blue Ribbon Race (USA).png,100.0
Nintendo Game Boy Advance,Barbie in the 12 Dancing Princesses (USA),Barbie in the 12 Dancing Princesses (USA).jpg,Barbie in the 12 Dancing Princesses (USA).jpg,100.0
Nintendo Game Boy Advance,Barbie Superpack (USA),Barbie Superpack (USA).png,Barbie Superpack (USA).png,100.0
Nintendo Game Boy Advance,Barnyard (USA),Barnyard (USA).jpg,Barnyard (USA).jpg,100.0
Nintendo Game Boy Advance,Baseball Advance (USA),Baseball Advance (USA).jpg,Baseball Advance (USA).jpg,100.0
Nintendo Game Boy Advance,"Batman - Rise of Sin Tzu (USA) (En,Fr,Es)","Batman - Rise of Sin Tzu (USA) (En,Fr,Es).jpg","Batman - Rise of Sin Tzu (USA) (En,Fr,Es).jpg",100.0
Nintendo Game Boy Advance,"Batman - Vengeance (USA) (En,Fr,Es)","Batman - Vengeance (USA) (En,Fr,Es).jpg","Batman - Vengeance (USA) (En,Fr,Es).jpg",100.0
Nintendo Game Boy Advance,"Batman Begins (USA, Europe) (En,Fr,De,Es,It,Nl)","Batman Begins (USA, Europe) (En,Fr,De,Es,It,Nl).png","Batman Begins (USA, Europe) (En,Fr,De,Es,It,Nl).png",100.0
Nintendo Game Boy Advance,Battle B-Daman (USA),Battle B-Daman (USA).jpg,Battle B-Daman (USA).jpg,100.0
Nintendo Game Boy Advance,Battle B-Daman - Fire Spirits! (USA),Battle B-Daman - Fire Spirits! (USA).png,Battle B-Daman - Fire Spirits! (USA).png,100.0
Nintendo Game Boy Advance,BattleBots - Beyond the BattleBox (USA),BattleBots - Beyond the BattleBox (USA).jpg,BattleBots - Beyond the BattleBox (USA).jpg,100.0
Nintendo Game Boy Advance,BattleBots - Design & Destroy (USA),BattleBots - Design & Destroy (USA).jpg,BattleBots - Design & Destroy (USA).jpg,100.0
Nintendo Game Boy Advance,"Bee Game, The (USA)","Bee Game, The (USA).jpg","Bee Game, The (USA).jpg",100.0
Nintendo Game Boy Advance,"Berenstain Bears and the Spooky Old Tree, The (USA)","Berenstain Bears and the Spooky Old Tree, The (USA).png","Berenstain Bears and the Spooky Old Tree, The (USA).png",100.0
Nintendo Game Boy Advance,Beyblade G-Revolution (USA),Beyblade G-Revolution (USA).jpg,Beyblade G-Revolution (USA).jpg,100.0
Nintendo Game Boy Advance,Beyblade V-Force - Ultimate Blader Jam (USA),Beyblade V-Force - Ultimate Blader Jam (USA).png,Beyblade V-Force - Ultimate Blader Jam (USA).png,100.0
Nintendo Game Boy Advance,"Bible Game, The (USA)","Bible Game, The (USA).png","Bible Game, The (USA).png",100.0
Nintendo Game Boy Advance,Big Mutha Truckers (USA),Big Mutha Truckers (USA).jpg,Big Mutha Truckers (USA).jpg,100.0
Nintendo Game Boy Advance,Bionicle (USA),Bionicle (USA).png,Bionicle (USA).png,100.0
Nintendo Game Boy Advance,"Bionicle - Matoran Adventures (USA, Europe) (En,Fr,De,Es,It,Nl,Sv,Da)","Bionicle - Matoran Adventures (USA, Europe) (En,Fr,De,Es,It,Nl,Sv,Da).jpg","Bionicle - Matoran Adventures (USA, Europe) (En,Fr,De,Es,It,Nl,Sv,Da).jpg",100.0
Nintendo Game Boy Advance,Bionicle - Maze of Shadows (USA),Bionicle - Maze of Shadows (USA).jpg,Bionicle - Maze of Shadows (USA).jpg,100.0
Nintendo Game Boy Advance,"Bionicle Heroes (USA) (En,Fr,De,Es,It,Da)","Bionicle Heroes (USA) (En,Fr,De,Es,It,Da).png","Bionicle Heroes (USA) (En,Fr,De,Es,It,Da).png",100.0
Nintendo Game Boy Advance,Black Belt Challenge (Europe),Black Belt Challenge (Europe).jpg,Black Belt Challenge (Europe).jpg,100.0
Nintendo Game Boy Advance,Black Matrix Zero (KOR),Black Matrix Zero (KOR).jpg,Black Matrix Zero (KOR).jpg,100.0
Nintendo Game Boy Advance,Blackthorne (USA),Blackthorne (USA).jpg,Blackthorne (USA).jpg,100.0
Nintendo Game Boy Advance,Blades of Thunder (USA),Blades of Thunder (USA).jpg,Blades of Thunder (USA).jpg,100.0
Nintendo Game Boy Advance,Blender Bros. (USA),"Classic NES Series - Super Mario Bros. (USA, Europe).jpg",Blender Bros. (USA).jpg,85.5
Nintendo Game Boy Advance,BMX Trick Racer (USA),BMX Trick Racer (USA).jpg,BMX Trick Racer (USA).jpg,100.0
Nintendo Game Boy Advance,Board Game Classics (USA),Board Game Classics (USA).jpg,Board Game Classics (USA).jpg,100.0
Nintendo Game Boy Advance,Bomberman Max 2 - Blue Advance (USA),Bomberman Max 2 - Blue Advance (USA).png,Bomberman Max 2 - Blue Advance (USA).png,100.0
Nintendo Game Boy Advance,Bomberman Max 2 - Red Advance (USA),Bomberman Max 2 - Red Advance (USA).png,Bomberman Max 2 - Red Advance (USA).png,100.0
Nintendo Game Boy Advance,"Bomberman Tournament (USA, Europe)","Bomberman Tournament (USA, Europe).jpg","Bomberman Tournament (USA, Europe).jpg",100.0
Nintendo Game Boy Advance,Bookworm (USA),Bookworm (USA).jpg,Bookworm (USA).jpg,100.0
Nintendo Game Boy Advance,Boulder Dash EX (USA),Contra Advance - The Alien Wars EX (USA).png,Boulder Dash EX (USA).png,85.5
Nintendo Game Boy Advance,"Boxing Fever (USA, Europe)","Boxing Fever (USA, Europe).jpg","Boxing Fever (USA, Europe).jpg",100.0
Nintendo Game Boy Advance,"Bratz (USA) (En,Fr,Es)","Bratz (USA) (En,Fr,Es).jpg","Bratz (USA) (En,Fr,Es).jpg",100.0
Nintendo Game Boy Advance,Bratz - Babyz (USA),Bratz - Babyz (USA).jpg,Bratz - Babyz (USA).jpg,100.0
Nintendo Game Boy Advance,Bratz - Forever Diamondz (USA),Bratz - Forever Diamondz (USA).jpg,Bratz - Forever Diamondz (USA).jpg,100.0
Nintendo Game Boy Advance,"Bratz - Rock Angelz (USA, Europe)","Bratz - Rock Angelz (USA, Europe).jpg","Bratz - Rock Angelz (USA, Europe).jpg",100.0
Nintendo Game Boy Advance,Bratz - The Movie (USA),Bratz - The Movie (USA).jpg,Bratz - The Movie (USA).jpg,100.0
Nintendo Game Boy Advance,Breath of Fire (KOR),Breath of Fire (KOR).jpg,Breath of Fire (KOR).jpg,100.0
Nintendo Game Boy Advance,Britney's Dance Beat (USA),Britney's Dance Beat (USA).jpg,Britney's Dance Beat (USA).jpg,100.0
Nintendo Game Boy Advance,"Broken Sword - The Shadow of the Templars (USA) (En,Fr,De,Es,It)","Broken Sword - The Shadow of the Templars (USA) (En,Fr,De,Es,It).jpg","Broken Sword - The Shadow of the Templars (USA) (En,Fr,De,Es,It).jpg",100.0
Nintendo Game Boy Advance,Brother Bear (USA),Brother Bear (USA).png,Brother Bear (USA).png,100.0
Nintendo Game Boy Advance,Bruce Lee - Return of the Legend (USA),Bruce Lee - Return of the Legend (USA).png,Bruce Lee - Return of the Legend (USA).png,100.0
Nintendo Game Boy Advance,Bubble Bobble - Old & New (USA),Bubble Bobble - Old & New (USA).jpg,Bubble Bobble - Old & New (USA).jpg,100.0
Nintendo Game Boy Advance,Bubble Bobble - Old New (KOR),Bubble Bobble - Old New (KOR).png,Bubble Bobble - Old New (KOR).png,100.0
Nintendo Game Boy Advance,"Buffy the Vampire Slayer - Wrath of the Darkhul King (USA, Europe)","Buffy the Vampire Slayer - Wrath of the Darkhul King (USA, Europe).jpg","Buffy the Vampire Slayer - Wrath of the Darkhul King (USA, Europe).jpg",100.0
Nintendo Game Boy Advance,Butt-Ugly Martians - B.K.M. Battles (USA),Butt-Ugly Martians - B.K.M. Battles (USA).jpg,Butt-Ugly Martians - B.K.M. Battles (USA).jpg,100.0
Nintendo Game Boy Advance,Cabbage Patch Kids - The Patch Puppy Rescue (USA),Cabbage Patch Kids - The Patch Puppy Rescue (USA).jpg,Cabbage Patch Kids - The Patch Puppy Rescue (USA).jpg,100.0
Nintendo Game Boy Advance,Cabela's Big Game Hunter (USA),Cabela's Big Game Hunter (USA).jpg,Cabela's Big Game Hunter (USA).jpg,100.0
Nintendo Game Boy Advance,"Cabela's Big Game Hunter - 2005 Adventures (USA, Europe)","Cabela's Big Game Hunter - 2005 Adventures (USA, Europe).png","Cabela's Big Game Hunter - 2005 Adventures (USA, Europe).png",100.0
Nintendo Game Boy Advance,"Caesars Palace Advance - Millennium Gold Edition (USA, Europe)","Caesars Palace Advance - Millennium Gold Edition (USA, Europe).jpg","Caesars Palace Advance - Millennium Gold Edition (USA, Europe).jpg",100.0
Nintendo Game Boy Advance,Calciobit (KOR),"Cars (USA, Europe).jpg",Calciobit (KOR).jpg,60.00000000000001
Nintendo Game Boy Advance,Camp Lazlo - Leaky Lake Games (USA),Camp Lazlo - Leaky Lake Games (USA).jpg,Camp Lazlo - Leaky Lake Games (USA).jpg,100.0
Nintendo Game Boy Advance,Car Battler Joe (USA),Car Battler Joe (USA).jpg,Car Battler Joe (USA).jpg,100.0
Nintendo Game Boy Advance,"Care Bears - The Care Quests (USA) (En,Fr,Es)","Care Bears - The Care Quests (USA) (En,Fr,Es).jpg","Care Bears - The Care Quests (USA) (En,Fr,Es).jpg",100.0
Nintendo Game Boy Advance,"Carrera Power Slide (Europe) (En,Fr,De,Es,It,Nl)","Carrera Power Slide (Europe) (En,Fr,De,Es,It,Nl).jpg","Carrera Power Slide (Europe) (En,Fr,De,Es,It,Nl).jpg",100.0
Nintendo Game Boy Advance,"Cars - Mater-National Championship (USA) (En,Fr)","Cars - Mater-National Championship (USA) (En,Fr).png","Cars - Mater-National Championship (USA) (En,Fr).png",100.0
Nintendo Game Boy Advance,Cartoon Network Block Party (USA),Cartoon Network Block Party (USA).jpg,Cartoon Network Block Party (USA).jpg,100.0
Nintendo Game Boy Advance,Cartoon Network Speedway (USA),Cartoon Network Speedway (USA).png,Cartoon Network Speedway (USA).png,100.0
Nintendo Game Boy Advance,"Casper (USA) (En,Fr,Es)","Casper (USA) (En,Fr,Es).jpg","Casper (USA) (En,Fr,Es).jpg",100.0
Nintendo Game Boy Advance,Castlevania - Akatsuki no Minuet (KOR),Deal or No Deal (USA).jpg,Castlevania - Akatsuki no Minuet (KOR).jpg,85.5
Nintendo Game Boy Advance,Castlevania - Circle of The Moon (KOR),Castlevania - Circle of The Moon (KOR).png,Castlevania - Circle of The Moon (KOR).png,100.0
Nintendo Game Boy Advance,Castlevania Double Pack (USA),Castlevania Double Pack (USA) (1).png,Castlevania Double Pack (USA).png,100.0
Nintendo Game Boy Advance,"Cat in the Hat by Dr. Seuss, The (USA)","Cat in the Hat by Dr. Seuss, The (USA).png","Cat in the Hat by Dr. Seuss, The (USA).png",100.0
Nintendo Game Boy Advance,"Catwoman (USA, Europe) (En,Fr,De,Es,It,Nl)","Catwoman (USA, Europe) (En,Fr,De,Es,It,Nl).jpg","Catwoman (USA, Europe) (En,Fr,De,Es,It,Nl).jpg",100.0
Nintendo Game Boy Advance,"Catz (USA, Europe)","Catz (USA, Europe).jpg","Catz (USA, Europe).jpg",100.0
Nintendo Game Boy Advance,"Charlie and the Chocolate Factory (USA) (En,Fr,Es,Nl)","Charlie and the Chocolate Factory (USA) (En,Fr,Es,Nl).jpg","Charlie and the Chocolate Factory (USA) (En,Fr,Es,Nl).jpg",100.0
Nintendo Game Boy Advance,"Charlotte's Web (USA) (En,Fr,De,Es,It)","Charlotte's Web (USA) (En,Fr,De,Es,It).jpg","Charlotte's Web (USA) (En,Fr,De,Es,It).jpg",100.0
Nintendo Game Boy Advance,"Cheetah Girls, The (USA)","Cheetah Girls, The (USA).jpg","Cheetah Girls, The (USA).jpg",100.0
Nintendo Game Boy Advance,Chessmaster (USA),Chessmaster (USA).jpg,Chessmaster (USA).jpg,100.0
Nintendo Game Boy Advance,"Chicken Little (USA, Europe) (En,Fr,De,Es,It,Nl)","Chicken Little (USA, Europe) (En,Fr,De,Es,It,Nl).jpg","Chicken Little (USA, Europe) (En,Fr,De,Es,It,Nl).jpg",100.0
Nintendo Game Boy Advance,Chicken Shoot (USA),Chicken Shoot (USA).jpg,Chicken Shoot (USA).jpg,100.0
Nintendo Game Boy Advance,Chicken Shoot 2 (USA),Chicken Shoot 2 (USA).png,Chicken Shoot 2 (USA).png,100.0
Nintendo Game Boy Advance,"Chronicles of Narnia, The - The Lion, the Witch and the Wardrobe (USA, Europe) (En,Fr,De,Es,It,Nl,Sv,Da)","Chronicles of Narnia, The - The Lion, the Witch and the Wardrobe (USA, Europe) (En,Fr,De,Es,It,Nl,Sv,Da).jpg","Chronicles of Narnia, The - The Lion, the Witch and the Wardrobe (USA, Europe) (En,Fr,De,Es,It,Nl,Sv,Da).jpg",100.0
Nintendo Game Boy Advance,"ChuChu Rocket! (USA) (En,Ja,Fr,De,Es)","ChuChu Rocket! (USA) (En,Ja,Fr,De,Es).png","ChuChu Rocket! (USA) (En,Ja,Fr,De,Es).png",100.0
Nintendo Game Boy Advance,CIMA - The Enemy (USA),CIMA - The Enemy (USA).jpg,CIMA - The Enemy (USA).jpg,100.0
Nintendo Game Boy Advance,"Cinderella - Magical Dreams (USA) (En,Fr,De,Es,It)","Cinderella - Magical Dreams (USA) (En,Fr,De,Es,It).jpg","Cinderella - Magical Dreams (USA) (En,Fr,De,Es,It).jpg",100.0
Nintendo Game Boy Advance,"Classic NES Series - Bomberman (USA, Europe)","Classic NES Series - Bomberman (USA, Europe).jpg","Classic NES Series - Bomberman (USA, Europe).jpg",100.0
Nintendo Game Boy Advance,"Classic NES Series - Castlevania (USA, Europe)","Classic NES Series - Castlevania (USA, Europe).jpg","Classic NES Series - Castlevania (USA, Europe).jpg",100.0
Nintendo Game Boy Advance,"Classic NES Series - Donkey Kong (USA, Europe)","Classic NES Series - Donkey Kong (USA, Europe).jpg","Classic NES Series - Donkey Kong (USA, Europe).jpg",100.0
Nintendo Game Boy Advance,"Classic NES Series - Dr. Mario (USA, Europe)","Classic NES Series - Dr. Mario (USA, Europe).jpg","Classic NES Series - Dr. Mario (USA, Europe).jpg",100.0
Nintendo Game Boy Advance,"Classic NES Series - Excitebike (USA, Europe)","Classic NES Series - Excitebike (USA, Europe).jpg","Classic NES Series - Excitebike (USA, Europe).jpg",100.0
Nintendo Game Boy Advance,"Classic NES Series - Ice Climber (USA, Europe)","Classic NES Series - Ice Climber (USA, Europe).jpg","Classic NES Series - Ice Climber (USA, Europe).jpg",100.0
Nintendo Game Boy Advance,"Classic NES Series - Legend of Zelda (USA, Europe)","Classic NES Series - Legend of Zelda (USA, Europe).jpg","Classic NES Series - Legend of Zelda (USA, Europe).jpg",100.0
Nintendo Game Boy Advance,"Classic NES Series - Metroid (USA, Europe)","Classic NES Series - Metroid (USA, Europe).jpg","Classic NES Series - Metroid (USA, Europe).jpg",100.0
Nintendo Game Boy Advance,"Classic NES Series - Pac-Man (USA, Europe)","Classic NES Series - Pac-Man (USA, Europe).jpg","Classic NES Series - Pac-Man (USA, Europe).jpg",100.0
Nintendo Game Boy Advance,"Classic NES Series - Xevious (USA, Europe)","Classic NES Series - Xevious (USA, Europe).jpg","Classic NES Series - Xevious (USA, Europe).jpg",100.0
Nintendo Game Boy Advance,"Classic NES Series - Zelda II - The Adventure of Link (USA, Europe)","Classic NES Series - Zelda II - The Adventure of Link (USA, Europe).jpg","Classic NES Series - Zelda II - The Adventure of Link (USA, Europe).jpg",100.0
Nintendo Game Boy Advance,"Cocoto - Kart Racer (Europe) (En,Fr,De,Es,It)","Cocoto - Kart Racer (Europe) (En,Fr,De,Es,It).jpg","Cocoto - Kart Racer (Europe) (En,Fr,De,Es,It).jpg",100.0
Nintendo Game Boy Advance,"Cocoto - Platform Jumper (Europe) (En,Fr,De,Es,It)","Moto GP (USA) (En,Fr,De,Es,It).jpg","Cocoto - Platform Jumper (Europe) (En,Fr,De,Es,It).jpg",64.28571428571429
Nintendo Game Boy Advance,Codename - Kids Next Door - Operation S.O.D.A. (USA),Archer Maclean_s 3D Pool-01.png,Codename - Kids Next Door - Operation S.O.D.A. (USA).png,85.5
Nintendo Game Boy Advance,"Colin McRae Rally 2.0 (USA) (En,Fr,De)","Colin McRae Rally 2.0 (USA) (En,Fr,De).jpg","Colin McRae Rally 2.0 (USA) (En,Fr,De).jpg",100.0
Nintendo Game Boy Advance,Columns Crown (USA),Columns Crown (USA).png,Columns Crown (USA).png,100.0
Nintendo Game Boy Advance,"Combo Pack - Sonic Advance + Sonic Pinball Party (USA) (En,Ja,Fr,De,Es+En,Ja,Fr,De,Es,It)","Combo Pack - Sonic Advance + Sonic Pinball Party (USA) (En,Ja,Fr,De,Es+En,Ja,Fr,De,Es,It).png","Combo Pack - Sonic Advance + Sonic Pinball Party (USA) (En,Ja,Fr,De,Es+En,Ja,Fr,De,Es,It).png",100.0
Nintendo Game Boy Advance,"Comix Zone (Europe) (En,Fr,De,Es,It)","Comix Zone (Europe) (En,Fr,De,Es,It).png","Comix Zone (Europe) (En,Fr,De,Es,It).png",100.0
Nintendo Game Boy Advance,"Corvette (USA) (En,Fr,De,Es,It)","Creatures (Europe) (En,Fr,De).jpg","Corvette (USA) (En,Fr,De,Es,It).jpg",58.82352941176471
Nintendo Game Boy Advance,"Crash & Spyro Super Pack Volume 1 (Europe) (En,Fr,De,Es,It,Nl)","Crash & Spyro Super Pack Volume 1 (Europe) (En,Fr,De,Es,It,Nl).jpg","Crash & Spyro Super Pack Volume 1 (Europe) (En,Fr,De,Es,It,Nl).jpg",100.0
Nintendo Game Boy Advance,"Crash & Spyro Super Pack Volume 2 (Europe) (En,Fr,De,Es,It,Nl)","Crash & Spyro Super Pack Volume 2 (Europe) (En,Fr,De,Es,It,Nl).png","Crash & Spyro Super Pack Volume 2 (Europe) (En,Fr,De,Es,It,Nl).png",100.0
Nintendo Game Boy Advance,Crash & Spyro Superpack - Spyro - Season of Ice + Crash Bandicoot - The Huge Adventure (USA),Crash & Spyro Superpack - Spyro - Season of Ice + Crash Bandicoot - The Huge Adventure (USA).png,Crash & Spyro Superpack - Spyro - Season of Ice + Crash Bandicoot - The Huge Adventure (USA).png,100.0
Nintendo Game Boy Advance,Crash & Spyro Superpack - Spyro Orange - The Cortex Conspiracy + Crash Bandicoot Purple - Ripto's Rampage (USA),Crash & Spyro Superpack - Spyro Orange - The Cortex Conspiracy + Crash Bandicoot Purple - Ripto's Rampage (USA).jpg,Crash & Spyro Superpack - Spyro Orange - The Cortex Conspiracy + Crash Bandicoot Purple - Ripto's Rampage (USA).jpg,100.0
Nintendo Game Boy Advance,Crash Bandicoot - The Huge Adventure (USA),Crash Bandicoot - The Huge Adventure (USA).jpg,Crash Bandicoot - The Huge Adventure (USA).jpg,100.0
Nintendo Game Boy Advance,Crash Bandicoot Purple - Ripto's Rampage (USA),Crash Bandicoot Purple - Ripto's Rampage (USA).png,Crash Bandicoot Purple - Ripto's Rampage (USA).png,100.0
Nintendo Game Boy Advance,"Crash of the Titans (USA) (En,Fr)","Crash of the Titans (USA) (En,Fr).jpg","Crash of the Titans (USA) (En,Fr).jpg",100.0
Nintendo Game Boy Advance,Crash Superpack (USA),Crash Superpack (USA).jpg,Crash Superpack (USA).jpg,100.0
Nintendo Game Boy Advance,Crazy Chase (USA),Crazy Chase (USA).jpg,Crazy Chase (USA).jpg,100.0
Nintendo Game Boy Advance,"Crazy Frog Racer (Europe) (En,Fr,De,Nl)","Crazy Frog Racer (Europe) (En,Fr,De,Nl).jpg","Crazy Frog Racer (Europe) (En,Fr,De,Nl).jpg",100.0
Nintendo Game Boy Advance,Crazy Taxi - Catch a Ride (USA),Crazy Taxi - Catch a Ride (USA).jpg,Crazy Taxi - Catch a Ride (USA).jpg,100.0
Nintendo Game Boy Advance,"Crouching Tiger, Hidden Dragon (USA) (En,Fr,Es)","Crouching Tiger, Hidden Dragon (USA) (En,Fr,Es).jpg","Crouching Tiger, Hidden Dragon (USA) (En,Fr,Es).jpg",100.0
Nintendo Game Boy Advance,"Cruis'n Velocity (USA, Europe)","Cruis'n Velocity (USA, Europe).jpg","Cruis'n Velocity (USA, Europe).jpg",100.0
Nintendo Game Boy Advance,Crushed Baseball (USA),Crushed Baseball (USA).jpg,Crushed Baseball (USA).jpg,100.0
Nintendo Game Boy Advance,"CT Special Forces (USA) (En,Fr,De,Es,It,Nl)","CT Special Forces (USA) (En,Fr,De,Es,It,Nl).jpg","CT Special Forces (USA) (En,Fr,De,Es,It,Nl).jpg",100.0
Nintendo Game Boy Advance,"CT Special Forces - Bioterror (Europe) (En,Fr,De,Es,It,Nl)","CT Special Forces - Bioterror (Europe) (En,Fr,De,Es,It,Nl).png","CT Special Forces - Bioterror (Europe) (En,Fr,De,Es,It,Nl).png",100.0
Nintendo Game Boy Advance,"CT Special Forces 2 - Back in the Trenches (USA) (En,Fr,De,Es,It,Nl)","CT Special Forces 2 - Back in the Trenches (USA) (En,Fr,De,Es,It,Nl).jpg","CT Special Forces 2 - Back in the Trenches (USA) (En,Fr,De,Es,It,Nl).jpg",100.0
Nintendo Game Boy Advance,Cubix - Robots for Everyone - Clash 'N Bash (USA),Cubix - Robots for Everyone - Clash 'N Bash (USA).jpg,Cubix - Robots for Everyone - Clash 'N Bash (USA).jpg,100.0
Nintendo Game Boy Advance,Curious George (USA),Curious George (USA).jpg,Curious George (USA).jpg,100.0
Nintendo Game Boy Advance,Daisenryaku for Game Boy Advance (KOR),Daisenryaku for Game Boy Advance (KOR).png,Daisenryaku for Game Boy Advance (KOR).png,100.0
Nintendo Game Boy Advance,Dancing Sword (KOR),Dancing Sword (KOR).jpg,Dancing Sword (KOR).jpg,100.0
Nintendo Game Boy Advance,Danny Phantom - The Ultimate Enemy (USA),Danny Phantom - The Ultimate Enemy (USA).png,Danny Phantom - The Ultimate Enemy (USA).png,100.0
Nintendo Game Boy Advance,Danny Phantom - Urban Jungle (USA),Danny Phantom - Urban Jungle (USA).jpg,Danny Phantom - Urban Jungle (USA).jpg,100.0
Nintendo Game Boy Advance,"Daredevil (USA, Europe)","Daredevil (USA, Europe).jpg","Daredevil (USA, Europe).jpg",100.0
Nintendo Game Boy Advance,"Dark Arena (USA, Europe)","Dark Arena (USA, Europe).jpg","Dark Arena (USA, Europe).jpg",100.0
Nintendo Game Boy Advance,Dave Mirra Freestyle BMX 2 (USA),Dave Mirra Freestyle BMX 2 (USA).jpg,Dave Mirra Freestyle BMX 2 (USA).jpg,100.0
Nintendo Game Boy Advance,"Dave Mirra Freestyle BMX 3 (USA, Europe)","Dave Mirra Freestyle BMX 3 (USA, Europe) (1).png","Dave Mirra Freestyle BMX 3 (USA, Europe).png",100.0
Nintendo Game Boy Advance,"David Beckham Soccer (USA) (En,Es)","David Beckham Soccer (USA) (En,Es).jpg","David Beckham Soccer (USA) (En,Es).jpg",100.0
Nintendo Game Boy Advance,"Davis Cup (USA) (En,Fr,De,Es,It)","Davis Cup (USA) (En,Fr,De,Es,It).jpg","Davis Cup (USA) (En,Fr,De,Es,It).jpg",100.0
Nintendo Game Boy Advance,Dead to Rights (USA),Dead to Rights (USA).jpg,Dead to Rights (USA).jpg,100.0
Nintendo Game Boy Advance,Defender (USA),Defender (USA).jpg,Defender (USA).jpg,100.0
Nintendo Game Boy Advance,Defender of the Crown (USA),Defender of the Crown (USA).png,Defender of the Crown (USA).png,100.0
Nintendo Game Boy Advance,DemiKids - Dark Version (USA),DemiKids - Dark Version (USA).jpg,DemiKids - Dark Version (USA).jpg,100.0
Nintendo Game Boy Advance,DemiKids - Light Version (USA),DemiKids - Light Version (USA).png,DemiKids - Light Version (USA).png,100.0
Nintendo Game Boy Advance,Demon Driver - Time to Burn Rubber! (USA),Demon Driver - Time to Burn Rubber! (USA).jpg,Demon Driver - Time to Burn Rubber! (USA).jpg,100.0
Nintendo Game Boy Advance,"Denki Blocks! (USA) (En,Es)","Denki Blocks! (USA) (En,Es).jpg","Denki Blocks! (USA) (En,Es).jpg",100.0
Nintendo Game Boy Advance,Desert Strike Advance (USA),Desert Strike Advance (USA).jpg,Desert Strike Advance (USA).jpg,100.0
Nintendo Game Boy Advance,Dexter's Laboratory - Chess Challenge (USA),Dexter's Laboratory - Chess Challenge (USA).jpg,Dexter's Laboratory - Chess Challenge (USA).jpg,100.0
Nintendo Game Boy Advance,"Dexter's Laboratory - Deesaster Strikes! (USA) (En,Fr,De,Es,It)","Dexter's Laboratory - Deesaster Strikes! (USA) (En,Fr,De,Es,It).png","Dexter's Laboratory - Deesaster Strikes! (USA) (En,Fr,De,Es,It).png",100.0
Nintendo Game Boy Advance,"Digimon Racing (USA) (En,Fr,De,Es,It)","Digimon Racing (USA) (En,Fr,De,Es,It).jpg","Digimon Racing (USA) (En,Fr,De,Es,It).jpg",100.0
Nintendo Game Boy Advance,"Dinotopia - The Timestone Pirates (USA, Europe) (En,Fr,De,Es,It,Nl)","Dinotopia - The Timestone Pirates (USA, Europe) (En,Fr,De,Es,It,Nl).jpg","Dinotopia - The Timestone Pirates (USA, Europe) (En,Fr,De,Es,It,Nl).jpg",100.0
Nintendo Game Boy Advance,"Disney Princess (USA, Europe)","Disney Princess (USA, Europe).png","Disney Princess (USA, Europe).png",100.0
Nintendo Game Boy Advance,Disney Princess - Royal Adventure (USA),Disney Princess - Royal Adventure (USA).png,Disney Princess - Royal Adventure (USA).png,100.0
Nintendo Game Boy Advance,Disney Sports - Basketball (USA),Disney Sports - Basketball (USA).jpg,Disney Sports - Basketball (USA).jpg,100.0
Nintendo Game Boy Advance,Disney Sports - Football (USA),Disney Sports - Football (USA).png,Disney Sports - Football (USA).png,100.0
Nintendo Game Boy Advance,Disney Sports - Motocross (USA),Disney Sports - Motocross (USA).jpg,Disney Sports - Motocross (USA).jpg,100.0
Nintendo Game Boy Advance,Disney Sports - Skateboarding (USA),Disney Sports - Skateboarding (USA).jpg,Disney Sports - Skateboarding (USA).jpg,100.0
Nintendo Game Boy Advance,Disney Sports - Snowboarding (USA),Disney Sports - Snowboarding (USA).png,Disney Sports - Snowboarding (USA).png,100.0
Nintendo Game Boy Advance,Disney Sports - Soccer (USA),Disney Sports - Soccer (USA).jpg,Disney Sports - Soccer (USA).jpg,100.0
Nintendo Game Boy Advance,"Disney's Game + TV Episode - Lizzie McGuire 2 - Lizzie Diaries (USA) (En,Fr)","Disney's Game + TV Episode - Lizzie McGuire 2 - Lizzie Diaries (USA) (En,Fr).png","Disney's Game + TV Episode - Lizzie McGuire 2 - Lizzie Diaries (USA) (En,Fr).png",100.0
Nintendo Game Boy Advance,"Disney's Party (USA, Europe) (En,Fr,De,Es,It)","Disney's Party (USA, Europe) (En,Fr,De,Es,It).png","Disney's Party (USA, Europe) (En,Fr,De,Es,It).png",100.0
Nintendo Game Boy Advance,"DK - King of Swing (USA, Australia)","DK - King of Swing (USA, Australia).png","DK - King of Swing (USA, Australia).png",100.0
Nintendo Game Boy Advance,Dogz (USA),Dogz (USA).jpg,Dogz (USA).jpg,100.0
Nintendo Game Boy Advance,Dogz - Fashion (USA),Dogz - Fashion (USA).jpg,Dogz - Fashion (USA).jpg,100.0
Nintendo Game Boy Advance,Dogz 2 (USA),Dogz 2 (USA).jpg,Dogz 2 (USA).jpg,100.0
Nintendo Game Boy Advance,Dokapon (USA),Dokapon (USA).jpg,Dokapon (USA).jpg,100.0
Nintendo Game Boy Advance,Donald Duck Advance (USA),Donald Duck Advance (USA).jpg,Donald Duck Advance (USA).jpg,100.0
Nintendo Game Boy Advance,Donkey Kong Country (USA),Donkey Kong Country (USA).jpg,Donkey Kong Country (USA).jpg,100.0
Nintendo Game Boy Advance,"Donkey Kong Country 2 (USA, Australia)","Donkey Kong Country 2 (USA, Australia).png","Donkey Kong Country 2 (USA, Australia).png",100.0
Nintendo Game Boy Advance,"Donkey Kong Country 3 (USA, Australia)","Donkey Kong Country 3 (USA, Australia).png","Donkey Kong Country 3 (USA, Australia).png",100.0
Nintendo Game Boy Advance,"Doom (USA, Europe)","Doom (USA, Europe).jpg","Doom (USA, Europe).jpg",100.0
Nintendo Game Boy Advance,Doom II (USA),Doom II (USA) (1).png,Doom II (USA).png,100.0
Nintendo Game Boy Advance,Dora the Explorer - Dora's World Adventure! (USA),Dora the Explorer - Dora's World Adventure! (USA).jpg,Dora the Explorer - Dora's World Adventure! (USA).jpg,100.0
Nintendo Game Boy Advance,Dora the Explorer - Super Spies (USA),Dora the Explorer - Super Spies (USA).jpg,Dora the Explorer - Super Spies (USA).jpg,100.0
Nintendo Game Boy Advance,Dora the Explorer - Super Star Adventures! (USA),Dora the Explorer - Super Star Adventures! (USA).jpg,Dora the Explorer - Super Star Adventures! (USA).jpg,100.0
Nintendo Game Boy Advance,Dora the Explorer - The Search for the Pirate Pig's Treasure (USA),Dora the Explorer - The Search for the Pirate Pig's Treasure (USA).jpg,Dora the Explorer - The Search for the Pirate Pig's Treasure (USA).jpg,100.0
Nintendo Game Boy Advance,Dora the Explorer Double Pack (USA),Dora the Explorer Double Pack (USA).png,Dora the Explorer Double Pack (USA).png,100.0
Nintendo Game Boy Advance,Double Dragon Advance (KOR),Double Dragon Advance (KOR).png,Double Dragon Advance (KOR).png,100.0
Nintendo Game Boy Advance,"Downforce (USA, Europe) (En,Fr,De,Es,It)","Downforce (USA, Europe) (En,Fr,De,Es,It).jpg","Downforce (USA, Europe) (En,Fr,De,Es,It).jpg",100.0
Nintendo Game Boy Advance,Downtown Nekketsu Monogatari EX (KOR),Downtown Nekketsu Monogatari EX (KOR).jpg,Downtown Nekketsu Monogatari EX (KOR).jpg,100.0
Nintendo Game Boy Advance,"Dr. Muto (Europe) (En,Fr,De,Es,It)","Dr. Muto (Europe) (En,Fr,De,Es,It).jpg","Dr. Muto (Europe) (En,Fr,De,Es,It).jpg",100.0
Nintendo Game Boy Advance,Dr. Seuss' - The Cat in the Hat (USA),Dr. Seuss' - The Cat in the Hat (USA).jpg,Dr. Seuss' - The Cat in the Hat (USA).jpg,100.0
Nintendo Game Boy Advance,Dr. Sudoku (USA),Dr. Sudoku (USA).jpg,Dr. Sudoku (USA).jpg,100.0
Nintendo Game Boy Advance,Dragon Ball - Advanced Adventure (USA),Dragon Ball - Advanced Adventure (USA).png,Dragon Ball - Advanced Adventure (USA).png,100.0
Nintendo Game Boy Advance,Dragon Ball GT - Transformation (USA),Dragon Ball GT - Transformation (USA).png,Dragon Ball GT - Transformation (USA).png,100.0
Nintendo Game Boy Advance,Dragon Ball Z - Buu's Fury (USA),Dragon Ball Z - Buu's Fury (USA).jpg,Dragon Ball Z - Buu's Fury (USA).jpg,100.0
Nintendo Game Boy Advance,Dragon Ball Z - Collectible Card Game (USA),Dragon Ball Z - Collectible Card Game (USA).png,Dragon Ball Z - Collectible Card Game (USA).png,100.0
Nintendo Game Boy Advance,Dragon Ball Z - Supersonic Warriors (USA),Dragon Ball Z - Supersonic Warriors (USA).jpg,Dragon Ball Z - Supersonic Warriors (USA).jpg,100.0
Nintendo Game Boy Advance,Dragon Ball Z - Taiketsu (USA),Dragon Ball Z - Taiketsu (USA).png,Dragon Ball Z - Taiketsu (USA).png,100.0
Nintendo Game Boy Advance,Dragon Ball Z - The Legacy of Goku (USA),Dragon Ball Z - The Legacy of Goku (USA).png,Dragon Ball Z - The Legacy of Goku (USA).png,100.0
Nintendo Game Boy Advance,Dragon Ball Z - The Legacy of Goku II (USA),Dragon Ball Z - The Legacy of Goku II (USA).jpg,Dragon Ball Z - The Legacy of Goku II (USA).jpg,100.0
Nintendo Game Boy Advance,Dragon Tales - Dragon Adventures (USA),Dragon Tales - Dragon Adventures (USA).jpg,Dragon Tales - Dragon Adventures (USA).jpg,100.0
Nintendo Game Boy Advance,"Dragon's Rock (Europe) (En,Fr,De,Es,It)","Dragon's Rock (Europe) (En,Fr,De,Es,It).png","Dragon's Rock (Europe) (En,Fr,De,Es,It).png",100.0
Nintendo Game Boy Advance,Dragonball Advance Adventure (KOR),Dragonball Advance Adventure (KOR).png,Dragonball Advance Adventure (KOR).png,100.0
Nintendo Game Boy Advance,"Drake & Josh (USA) (En,Fr)","Drake & Josh (USA) (En,Fr).jpg","Drake & Josh (USA) (En,Fr).jpg",100.0
Nintendo Game Boy Advance,Driv3r (USA),Driv3r (USA).jpg,Driv3r (USA).jpg,100.0
Nintendo Game Boy Advance,"Driven (USA) (En,Fr,De,Es,It)","Driven (USA) (En,Fr,De,Es,It).jpg","Driven (USA) (En,Fr,De,Es,It).jpg",100.0
Nintendo Game Boy Advance,Driver 2 Advance (USA),Driver 2 Advance (USA).png,Driver 2 Advance (USA).png,100.0
Nintendo Game Boy Advance,Drome Racers (USA),Drome Racers (USA).jpg,Drome Racers (USA).jpg,100.0
Nintendo Game Boy Advance,"Droopy's Tennis Open (Europe) (En,Fr,De,Es,It,Nl)","Droopy's Tennis Open (Europe) (En,Fr,De,Es,It,Nl).jpg","Droopy's Tennis Open (Europe) (En,Fr,De,Es,It,Nl).jpg",100.0
Nintendo Game Boy Advance,Dual Blades (USA),Dual Blades (USA).jpg,Dual Blades (USA).jpg,100.0
Nintendo Game Boy Advance,Duel Masters - Kaijudo Showdown (USA),Duel Masters - Kaijudo Showdown (USA).jpg,Duel Masters - Kaijudo Showdown (USA).jpg,100.0
Nintendo Game Boy Advance,Duel Masters - Sempai Legends (USA),Duel Masters - Sempai Legends (USA).jpg,Duel Masters - Sempai Legends (USA).jpg,100.0
Nintendo Game Boy Advance,Duel Masters - Shadow of the Code (USA),Duel Masters - Shadow of the Code (USA).jpg,Duel Masters - Shadow of the Code (USA).jpg,100.0
Nintendo Game Boy Advance,Duke Nukem Advance (USA),Duke Nukem Advance (USA).jpg,Duke Nukem Advance (USA).jpg,100.0
Nintendo Game Boy Advance,Dungeons & Dragons - Eye of the Beholder (USA),Dungeons & Dragons - Eye of the Beholder (USA).jpg,Dungeons & Dragons - Eye of the Beholder (USA).jpg,100.0
Nintendo Game Boy Advance,"Dynasty Warriors Advance (USA, Australia)","Dynasty Warriors Advance (USA, Australia).png","Dynasty Warriors Advance (USA, Australia).png",100.0
Nintendo Game Boy Advance,E.T. - The Extra-Terrestrial (USA),E.T. - The Extra-Terrestrial (USA).jpg,E.T. - The Extra-Terrestrial (USA).jpg,100.0
Nintendo Game Boy Advance,"Earthworm Jim (USA, Europe)","Earthworm Jim (USA, Europe).jpg","Earthworm Jim (USA, Europe).jpg",100.0
Nintendo Game Boy Advance,Earthworm Jim 2 (USA),Earthworm Jim 2 (USA).png,Earthworm Jim 2 (USA).png,100.0
Nintendo Game Boy Advance,"Ed, Edd n Eddy - Jawbreakers! (USA) (Rev 1)","Ed, Edd n Eddy - Jawbreakers! (USA) (Rev 1).jpg","Ed, Edd n Eddy - Jawbreakers! (USA) (Rev 1).jpg",100.0
Nintendo Game Boy Advance,"Ed, Edd n Eddy - The Mis-Edventures (USA) (En,Fr)","Ed, Edd n Eddy - The Mis-Edventures (USA) (En,Fr).jpg","Ed, Edd n Eddy - The Mis-Edventures (USA) (En,Fr).jpg",100.0
Nintendo Game Boy Advance,"Egg Mania (USA) (En,Fr,Es)","Egg Mania (USA) (En,Fr,Es).jpg","Egg Mania (USA) (En,Fr,Es).jpg",100.0
Nintendo Game Boy Advance,"Elf - The Movie (USA) (En,Fr,De,Es,It)","Elf - The Movie (USA) (En,Fr,De,Es,It).jpg","Elf - The Movie (USA) (En,Fr,De,Es,It).jpg",100.0
Nintendo Game Boy Advance,Elf Bowling 1 & 2 (USA),Elf Bowling 1 & 2 (USA).jpg,Elf Bowling 1 & 2 (USA).jpg,100.0
Nintendo Game Boy Advance,emuvr_core,Horsez (USA).jpg,emuvr_core.jpg,60.00000000000001
Nintendo Game Boy Advance,"Enchanted - Once Upon Andalasia (USA) (En,Fr)","Enchanted - Once Upon Andalasia (USA) (En,Fr).jpg","Enchanted - Once Upon Andalasia (USA) (En,Fr).jpg",100.0
Nintendo Game Boy Advance,Eragon (USA),Eragon (USA).jpg,Eragon (USA).jpg,100.0
Nintendo Game Boy Advance,ESPN Final Round Golf 2002 (USA),ESPN Final Round Golf 2002 (USA).png,ESPN Final Round Golf 2002 (USA).png,100.0
Nintendo Game Boy Advance,ESPN Great Outdoor Games - Bass 2002 (USA),ESPN Great Outdoor Games - Bass 2002 (USA).jpg,ESPN Great Outdoor Games - Bass 2002 (USA).jpg,100.0
Nintendo Game Boy Advance,ESPN International Winter Sports 2002 (USA),ESPN International Winter Sports 2002 (USA).jpg,ESPN International Winter Sports 2002 (USA).jpg,100.0
Nintendo Game Boy Advance,ESPN Winter X-Games Snowboarding 2002 (USA),ESPN Winter X-Games Snowboarding 2002 (USA).jpg,ESPN Winter X-Games Snowboarding 2002 (USA).jpg,100.0
Nintendo Game Boy Advance,ESPN X-Games Skateboarding (USA),ESPN X-Games Skateboarding (USA).jpg,ESPN X-Games Skateboarding (USA).jpg,100.0
Nintendo Game Boy Advance,"European Super League (Europe) (En,Fr,De,Es,It)","European Super League (Europe) (En,Fr,De,Es,It).jpg","European Super League (Europe) (En,Fr,De,Es,It).jpg",100.0
Nintendo Game Boy Advance,Ever Girl (USA),Ever Girl (USA).jpg,Ever Girl (USA).jpg,100.0
Nintendo Game Boy Advance,Extreme Ghostbusters - Code Ecto-1 (USA),Extreme Ghostbusters - Code Ecto-1 (USA).png,Extreme Ghostbusters - Code Ecto-1 (USA).png,100.0
Nintendo Game Boy Advance,"Extreme Skate Adventure (USA, Europe)","Extreme Skate Adventure (USA, Europe).jpg","Extreme Skate Adventure (USA, Europe).jpg",100.0
Nintendo Game Boy Advance,"F-14 Tomcat (USA, Europe)","F-14 Tomcat (USA, Europe).jpg","F-14 Tomcat (USA, Europe).jpg",100.0
Nintendo Game Boy Advance,"F-Zero - Maximum Velocity (USA, Europe)","F-Zero - Maximum Velocity (USA, Europe).png","F-Zero - Maximum Velocity (USA, Europe).png",100.0
Nintendo Game Boy Advance,"F1 2002 (USA, Europe)","F1 2002 (USA, Europe).jpg","F1 2002 (USA, Europe).jpg",100.0
Nintendo Game Boy Advance,F24 Stealth Fighter (USA),F24 Stealth Fighter (USA).jpg,F24 Stealth Fighter (USA).jpg,100.0
Nintendo Game Boy Advance,"Fairly OddParents!, The - Breakin' da Rules (USA)","Fairly OddParents!, The - Breakin' da Rules (USA).jpg","Fairly OddParents!, The - Breakin' da Rules (USA).jpg",100.0
Nintendo Game Boy Advance,"Fairly OddParents!, The - Clash with the Anti-World (USA)","Fairly OddParents!, The - Clash with the Anti-World (USA).jpg","Fairly OddParents!, The - Clash with the Anti-World (USA).jpg",100.0
Nintendo Game Boy Advance,"Fairly OddParents!, The - Enter the Cleft (USA)","Fairly OddParents!, The - Enter the Cleft (USA).jpg","Fairly OddParents!, The - Enter the Cleft (USA).jpg",100.0
Nintendo Game Boy Advance,"Fairly OddParents!, The - Shadow Showdown (USA)","Fairly OddParents!, The - Shadow Showdown (USA).jpg","Fairly OddParents!, The - Shadow Showdown (USA).jpg",100.0
Nintendo Game Boy Advance,Family Feud (USA),Family Feud (USA).jpg,Family Feud (USA).jpg,100.0
Nintendo Game Boy Advance,Fantastic 4 (USA),Fantastic 4 (USA).jpg,Fantastic 4 (USA).jpg,100.0
Nintendo Game Boy Advance,Fantastic 4 - Flame On (USA),Fantastic 4 - Flame On (USA).jpg,Fantastic 4 - Flame On (USA).jpg,100.0
Nintendo Game Boy Advance,Fear Factor Unleashed (USA),Fear Factor Unleashed (USA).jpg,Fear Factor Unleashed (USA).jpg,100.0
Nintendo Game Boy Advance,"FIFA Soccer 06 (USA, Europe) (En,Fr,De,Es,It,Nl)","FIFA Soccer 06 (USA, Europe) (En,Fr,De,Es,It,Nl).jpg","FIFA Soccer 06 (USA, Europe) (En,Fr,De,Es,It,Nl).jpg",100.0
Nintendo Game Boy Advance,"FIFA Soccer 07 (USA, Europe) (En,Fr,De,Es)","FIFA Soccer 07 (USA, Europe) (En,Fr,De,Es).png","FIFA Soccer 07 (USA, Europe) (En,Fr,De,Es).png",100.0
Nintendo Game Boy Advance,"FIFA Soccer 2003 (USA, Europe) (En,Fr,De,Es,It)","FIFA Soccer 2003 (USA, Europe) (En,Fr,De,Es,It).jpg","FIFA Soccer 2003 (USA, Europe) (En,Fr,De,Es,It).jpg",100.0
Nintendo Game Boy Advance,"FIFA Soccer 2004 (USA, Europe) (En,Fr,De,Es,It)","FIFA Soccer 2004 (USA, Europe) (En,Fr,De,Es,It).png","FIFA Soccer 2004 (USA, Europe) (En,Fr,De,Es,It).png",100.0
Nintendo Game Boy Advance,"FIFA Soccer 2005 (USA, Europe) (En,Fr,De,Es,It,Nl)","FIFA Soccer 2005 (USA, Europe) (En,Fr,De,Es,It,Nl).jpg","FIFA Soccer 2005 (USA, Europe) (En,Fr,De,Es,It,Nl).jpg",100.0
Nintendo Game Boy Advance,FightBox (Europe),FightBox (Europe).jpg,FightBox (Europe).jpg,100.0
Nintendo Game Boy Advance,"FILA Decathlon (Europe) (En,Fr,De,Es,It,Sv)","FILA Decathlon (Europe) (En,Fr,De,Es,It,Sv).jpg","FILA Decathlon (Europe) (En,Fr,De,Es,It,Sv).jpg",100.0
Nintendo Game Boy Advance,"Final Fantasy I & II - Dawn of Souls (USA, Australia)","Final Fantasy I & II - Dawn of Souls (USA, Australia).png","Final Fantasy I & II - Dawn of Souls (USA, Australia).png",100.0
Nintendo Game Boy Advance,Final Fantasy I - II Advance (KOR),Final Fantasy I - II Advance (KOR).png,Final Fantasy I - II Advance (KOR).png,100.0
Nintendo Game Boy Advance,"Final Fantasy IV Advance (USA, Australia)","Final Fantasy IV Advance (USA, Australia).png","Final Fantasy IV Advance (USA, Australia).png",100.0
Nintendo Game Boy Advance,Final Fantasy Tactics Advance (KOR),Final Fantasy Tactics Advance (KOR).png,Final Fantasy Tactics Advance (KOR).png,100.0
Nintendo Game Boy Advance,Final Fantasy V Advance (USA),Final Fantasy V Advance (USA).png,Final Fantasy V Advance (USA).png,100.0
Nintendo Game Boy Advance,Final Fantasy VI Advance (USA),Final Fantasy VI Advance (USA).jpg,Final Fantasy VI Advance (USA).jpg,100.0
Nintendo Game Boy Advance,Final Fight One (USA),Final Fight One (USA).jpg,Final Fight One (USA).jpg,100.0
Nintendo Game Boy Advance,"Finding Nemo (USA, Europe)","Finding Nemo (USA, Europe).jpg","Finding Nemo (USA, Europe).jpg",100.0
Nintendo Game Boy Advance,"Finding Nemo - The Continuing Adventures (USA, Europe)","Finding Nemo - The Continuing Adventures (USA, Europe).png","Finding Nemo - The Continuing Adventures (USA, Europe).png",100.0
Nintendo Game Boy Advance,"Fire Emblem (USA, Australia)","Fire Emblem (USA, Australia) (1).png","Fire Emblem (USA, Australia).png",100.0
Nintendo Game Boy Advance,Fire Emblem - Fuuin no Tsurugi (KOR),Fire Emblem - Fuuin no Tsurugi (KOR).png,Fire Emblem - Fuuin no Tsurugi (KOR).png,100.0
Nintendo Game Boy Advance,"Fire Emblem - The Sacred Stones (USA, Australia)","Fire Emblem - The Sacred Stones (USA, Australia).png","Fire Emblem - The Sacred Stones (USA, Australia).png",100.0
Nintendo Game Boy Advance,"Fire Pro Wrestling (USA, Europe)","Fire Pro Wrestling (USA, Europe).jpg","Fire Pro Wrestling (USA, Europe).jpg",100.0
Nintendo Game Boy Advance,Fire Pro Wrestling 2 (USA),Fire Pro Wrestling 2 (USA).png,Fire Pro Wrestling 2 (USA).png,100.0
Nintendo Game Boy Advance,"Flintstones, The - Big Trouble in Bedrock (USA)","Flintstones, The - Big Trouble in Bedrock (USA).jpg","Flintstones, The - Big Trouble in Bedrock (USA).jpg",100.0
Nintendo Game Boy Advance,Flushed Away (USA),Flushed Away (USA).jpg,Flushed Away (USA).jpg,100.0
Nintendo Game Boy Advance,Ford Racing 3 (USA),Ford Racing 3 (USA).jpg,Ford Racing 3 (USA).jpg,100.0
Nintendo Game Boy Advance,"Fortress (USA, Europe)","Fortress (USA, Europe).jpg","Fortress (USA, Europe).jpg",100.0
Nintendo Game Boy Advance,Foster's Home for Imaginary Friends (USA),Foster's Home for Imaginary Friends (USA).jpg,Foster's Home for Imaginary Friends (USA).jpg,100.0
Nintendo Game Boy Advance,"Franklin the Turtle (USA) (En,Fr,De,Es,It,Sv,No,Da,Fi)","Franklin the Turtle (USA) (En,Fr,De,Es,It,Sv,No,Da,Fi).jpg","Franklin the Turtle (USA) (En,Fr,De,Es,It,Sv,No,Da,Fi).jpg",100.0
Nintendo Game Boy Advance,"Franklin's Great Adventures (USA) (En,Fr,Es)","Franklin's Great Adventures (USA) (En,Fr,Es).jpg","Franklin's Great Adventures (USA) (En,Fr,Es).jpg",100.0
Nintendo Game Boy Advance,Freekstyle (USA),Freekstyle (USA).jpg,Freekstyle (USA).jpg,100.0
Nintendo Game Boy Advance,Frogger Advance - The Great Quest (USA),Frogger Advance - The Great Quest (USA).jpg,Frogger Advance - The Great Quest (USA).jpg,100.0
Nintendo Game Boy Advance,"Frogger's Adventures - Temple of the Frog (USA) (En,Fr,De,Es,It)","Frogger's Adventures - Temple of the Frog (USA) (En,Fr,De,Es,It).jpg","Frogger's Adventures - Temple of the Frog (USA) (En,Fr,De,Es,It).jpg",100.0
Nintendo Game Boy Advance,"Frogger's Adventures 2 - The Lost Wand (USA) (En,Es)","Frogger's Adventures 2 - The Lost Wand (USA) (En,Es).jpg","Frogger's Adventures 2 - The Lost Wand (USA) (En,Es).jpg",100.0
Nintendo Game Boy Advance,Frogger's Journey - The Forgotten Relic (USA),Frogger's Journey - The Forgotten Relic (USA).jpg,Frogger's Journey - The Forgotten Relic (USA).jpg,100.0
Nintendo Game Boy Advance,Gadget Racers (USA),Gadget Racers (USA).jpg,Gadget Racers (USA).jpg,100.0
Nintendo Game Boy Advance,"Galidor - Defenders of the Outer Dimension (USA) (En,Fr,De,Es,It,Nl,Sv,Da)","Galidor - Defenders of the Outer Dimension (USA) (En,Fr,De,Es,It,Nl,Sv,Da).jpg","Galidor - Defenders of the Outer Dimension (USA) (En,Fr,De,Es,It,Nl,Sv,Da).jpg",100.0
Nintendo Game Boy Advance,Game & Watch Gallery 4 (USA),Game & Watch Gallery 4 (USA).jpg,Game & Watch Gallery 4 (USA).jpg,100.0
Nintendo Game Boy Advance,Game Boy Advance Video - All Grown Up! - Volume 1 (USA),Game Boy Advance Video - All Grown Up! - Volume 1 (USA).png,Game Boy Advance Video - All Grown Up! - Volume 1 (USA).png,100.0
Nintendo Game Boy Advance,Game Boy Advance Video - Cartoon Network Collection - Limited Edition (USA),Game Boy Advance Video - Cartoon Network Collection - Limited Edition (USA).jpg,Game Boy Advance Video - Cartoon Network Collection - Limited Edition (USA).jpg,100.0
Nintendo Game Boy Advance,"Game Boy Advance Video - Cartoon Network Collection - Platinum Edition (USA, Europe)","Game Boy Advance Video - Cartoon Network Collection - Platinum Edition (USA, Europe).png","Game Boy Advance Video - Cartoon Network Collection - Platinum Edition (USA, Europe).png",100.0
Nintendo Game Boy Advance,"Game Boy Advance Video - Cartoon Network Collection - Premium Edition (USA, Europe)","Game Boy Advance Video - Cartoon Network Collection - Premium Edition (USA, Europe).png","Game Boy Advance Video - Cartoon Network Collection - Premium Edition (USA, Europe).png",100.0
Nintendo Game Boy Advance,"Game Boy Advance Video - Cartoon Network Collection - Special Edition (USA, Europe)","Game Boy Advance Video - Cartoon Network Collection - Special Edition (USA, Europe).png","Game Boy Advance Video - Cartoon Network Collection - Special Edition (USA, Europe).png",100.0
Nintendo Game Boy Advance,Game Boy Advance Video - Cartoon Network Collection - Volume 1 (USA),Game Boy Advance Video - Cartoon Network Collection - Volume 1 (USA).png,Game Boy Advance Video - Cartoon Network Collection - Volume 1 (USA).png,100.0
Nintendo Game Boy Advance,"Game Boy Advance Video - Cartoon Network Collection - Volume 2 (USA, Europe)","Game Boy Advance Video - Cartoon Network Collection - Volume 2 (USA, Europe).png","Game Boy Advance Video - Cartoon Network Collection - Volume 2 (USA, Europe).png",100.0
Nintendo Game Boy Advance,"Game Boy Advance Video - Codename - Kids Next Door - Volume 1 (USA, Europe)","Game Boy Advance Video - Codename - Kids Next Door - Volume 1 (USA, Europe).png","Game Boy Advance Video - Codename - Kids Next Door - Volume 1 (USA, Europe).png",100.0
Nintendo Game Boy Advance,Game Boy Advance Video - Disney Channel Collection - Volume 1 (USA),Game Boy Advance Video - Disney Channel Collection - Volume 1 (USA).png,Game Boy Advance Video - Disney Channel Collection - Volume 1 (USA).png,100.0
Nintendo Game Boy Advance,Game Boy Advance Video - Dora the Explorer - Volume 1 (USA),Game Boy Advance Video - Dora the Explorer - Volume 1 (USA).png,Game Boy Advance Video - Dora the Explorer - Volume 1 (USA).png,100.0
Nintendo Game Boy Advance,Game Boy Advance Video - Dragon Ball GT - Volume 1 (USA),Game Boy Advance Video - Dragon Ball GT - Volume 1 (USA).png,Game Boy Advance Video - Dragon Ball GT - Volume 1 (USA).png,100.0
Nintendo Game Boy Advance,Game Boy Advance Video - Nicktoons - Volume 3 (USA),Game Boy Advance Video - Nicktoons - Volume 3 (USA).png,Game Boy Advance Video - Nicktoons - Volume 3 (USA).png,100.0
Nintendo Game Boy Advance,Game Boy Advance Video - Nicktoons Collection - Volume 1 (USA),Game Boy Advance Video - Nicktoons Collection - Volume 1 (USA).png,Game Boy Advance Video - Nicktoons Collection - Volume 1 (USA).png,100.0
Nintendo Game Boy Advance,Game Boy Advance Video - Nicktoons Collection - Volume 2 (USA),Game Boy Advance Video - Nicktoons Collection - Volume 2 (USA).png,Game Boy Advance Video - Nicktoons Collection - Volume 2 (USA).png,100.0
Nintendo Game Boy Advance,Game Boy Advance Video - Pokemon - Volume 1 (USA),Game Boy Advance Video - Pokemon - Volume 1 (USA).png,Game Boy Advance Video - Pokemon - Volume 1 (USA).png,100.0
Nintendo Game Boy Advance,Game Boy Advance Video - Pokemon - Volume 2 (USA),Game Boy Advance Video - Pokemon - Volume 2 (USA).png,Game Boy Advance Video - Pokemon - Volume 2 (USA).png,100.0
Nintendo Game Boy Advance,Game Boy Advance Video - Pokemon - Volume 3 (USA),Game Boy Advance Video - Pokemon - Volume 3 (USA).png,Game Boy Advance Video - Pokemon - Volume 3 (USA).png,100.0
Nintendo Game Boy Advance,Game Boy Advance Video - Pokemon - Volume 4 (USA),Game Boy Advance Video - Pokemon - Volume 4 (USA).png,Game Boy Advance Video - Pokemon - Volume 4 (USA).png,100.0
Nintendo Game Boy Advance,Game Boy Advance Video - Sonic X - Volume 1 (USA),Game Boy Advance Video - Sonic X - Volume 1 (USA).png,Game Boy Advance Video - Sonic X - Volume 1 (USA).png,100.0
Nintendo Game Boy Advance,Game Boy Advance Video - SpongeBob SquarePants - Volume 1 (USA) (Rev 1),Game Boy Advance Video - SpongeBob SquarePants - Volume 1 (USA) (Rev 1).png,Game Boy Advance Video - SpongeBob SquarePants - Volume 1 (USA) (Rev 1).png,100.0
Nintendo Game Boy Advance,Game Boy Advance Video - SpongeBob SquarePants - Volume 2 (USA) (Rev 1),Game Boy Advance Video - SpongeBob SquarePants - Volume 2 (USA) (Rev 1).png,Game Boy Advance Video - SpongeBob SquarePants - Volume 2 (USA) (Rev 1).png,100.0
Nintendo Game Boy Advance,Game Boy Advance Video - SpongeBob SquarePants - Volume 3 (USA),Game Boy Advance Video - SpongeBob SquarePants - Volume 3 (USA).png,Game Boy Advance Video - SpongeBob SquarePants - Volume 3 (USA).png,100.0
Nintendo Game Boy Advance,Game Boy Advance Video - Strawberry Shortcake - Volume 1 (USA),Game Boy Advance Video - Strawberry Shortcake - Volume 1 (USA).png,Game Boy Advance Video - Strawberry Shortcake - Volume 1 (USA).png,100.0
Nintendo Game Boy Advance,Game Boy Advance Video - Super Robot Monkey Team - Hyper Force Go! - Volume 1 (USA),Game Boy Advance Video - Super Robot Monkey Team - Hyper Force Go! - Volume 1 (USA).png,Game Boy Advance Video - Super Robot Monkey Team - Hyper Force Go! - Volume 1 (USA).png,100.0
Nintendo Game Boy Advance,"Game Boy Advance Video - Teenage Mutant Ninja Turtles - Things Change (USA, Europe)","Game Boy Advance Video - Teenage Mutant Ninja Turtles - Things Change (USA, Europe).png","Game Boy Advance Video - Teenage Mutant Ninja Turtles - Things Change (USA, Europe).png",100.0
Nintendo Game Boy Advance,Game Boy Advance Video - The Adventures of Jimmy Neutron Boy Genius - Volume 1 (USA),Game Boy Advance Video - The Adventures of Jimmy Neutron Boy Genius - Volume 1 (USA).jpg,Game Boy Advance Video - The Adventures of Jimmy Neutron Boy Genius - Volume 1 (USA).jpg,100.0
Nintendo Game Boy Advance,Game Boy Advance Video - The Fairly OddParents! - Volume 1 (USA),Game Boy Advance Video - The Fairly OddParents! - Volume 1 (USA).png,Game Boy Advance Video - The Fairly OddParents! - Volume 1 (USA).png,100.0
Nintendo Game Boy Advance,Game Boy Advance Video - The Fairly OddParents! - Volume 2 (USA) (Rev 1),Game Boy Advance Video - The Fairly OddParents! - Volume 2 (USA) (Rev 1).png,Game Boy Advance Video - The Fairly OddParents! - Volume 2 (USA) (Rev 1).png,100.0
Nintendo Game Boy Advance,Game Boy Advance Video - The Proud Family - Volume 1 (USA),Game Boy Advance Video - The Proud Family - Volume 1 (USA).jpg,Game Boy Advance Video - The Proud Family - Volume 1 (USA).jpg,100.0
Nintendo Game Boy Advance,"Game Boy Advance Video - Yu-Gi-Oh! - Yugi vs. Joey (USA, Europe)","Game Boy Advance Video - Yu-Gi-Oh! - Yugi vs. Joey (USA, Europe).png","Game Boy Advance Video - Yu-Gi-Oh! - Yugi vs. Joey (USA, Europe).png",100.0
Nintendo Game Boy Advance,Games Explosion! (USA),Games Explosion! (USA).jpg,Games Explosion! (USA).jpg,100.0
Nintendo Game Boy Advance,"Garfield - The Search for Pooky (USA) (En,Fr,De,Es,It)","Garfield - The Search for Pooky (USA) (En,Fr,De,Es,It).jpg","Garfield - The Search for Pooky (USA) (En,Fr,De,Es,It).jpg",100.0
Nintendo Game Boy Advance,"Garfield and His Nine Lives (USA) (En,Fr,Es)","Garfield and His Nine Lives (USA) (En,Fr,Es).jpg","Garfield and His Nine Lives (USA) (En,Fr,Es).jpg",100.0
Nintendo Game Boy Advance,Gekido Advance - Kintaro's Revenge (USA),Gekido Advance - Kintaro's Revenge (USA).jpg,Gekido Advance - Kintaro's Revenge (USA).jpg,100.0
Nintendo Game Boy Advance,Gem Smashers (USA),Gem Smashers (USA).jpg,Gem Smashers (USA).jpg,100.0
Nintendo Game Boy Advance,GetBackers Dakkanya - Jigoku no Scaramouche (KOR),GetBackers Dakkanya - Jigoku no Scaramouche (KOR).png,GetBackers Dakkanya - Jigoku no Scaramouche (KOR).png,100.0
Nintendo Game Boy Advance,"Ghost Rider (USA, Europe) (En,Fr,De,Es,It,Nl)","Ghost Rider (USA, Europe) (En,Fr,De,Es,It,Nl).jpg","Ghost Rider (USA, Europe) (En,Fr,De,Es,It,Nl).jpg",100.0
Nintendo Game Boy Advance,Global Star - Sudoku Fever (USA),Global Star - Sudoku Fever (USA).png,Global Star - Sudoku Fever (USA).png,100.0
Nintendo Game Boy Advance,"Go! Go! Beckham! - Adventure on Soccer Island (Europe) (En,Fr,De,Es,It)","Go! Go! Beckham! - Adventure on Soccer Island (Europe) (En,Fr,De,Es,It).jpg","Go! Go! Beckham! - Adventure on Soccer Island (Europe) (En,Fr,De,Es,It).jpg",100.0
Nintendo Game Boy Advance,Godzilla - Domination! (USA),Godzilla - Domination! (USA).jpg,Godzilla - Domination! (USA).jpg,100.0
Nintendo Game Boy Advance,"Golden Nugget Casino (USA, Europe)","Golden Nugget Casino (USA, Europe).png","Golden Nugget Casino (USA, Europe).png",100.0
Nintendo Game Boy Advance,"Golden Sun (USA, Europe)","Golden Sun (USA, Europe).png","Golden Sun (USA, Europe).png",100.0
Nintendo Game Boy Advance,"Golden Sun - The Lost Age (USA, Europe)","Golden Sun - The Lost Age (USA, Europe).png","Golden Sun - The Lost Age (USA, Europe).png",100.0
Nintendo Game Boy Advance,Gradius Galaxies (USA),Stadium Games (USA).jpg,Gradius Galaxies (USA).jpg,62.06896551724138
Nintendo Game Boy Advance,Grand Theft Auto Advance (USA),Grand Theft Auto Advance (USA).png,Grand Theft Auto Advance (USA).png,100.0
Nintendo Game Boy Advance,Green Eggs and Ham by Dr. Seuss (USA),Green Eggs and Ham by Dr. Seuss (USA).png,Green Eggs and Ham by Dr. Seuss (USA).png,100.0
Nintendo Game Boy Advance,Greg Hastings' Tournament Paintball Max'd (USA),Greg Hastings' Tournament Paintball Max'd (USA).jpg,Greg Hastings' Tournament Paintball Max'd (USA).jpg,100.0
Nintendo Game Boy Advance,Gremlins - Stripe vs Gizmo (USA),Gremlins - Stripe vs Gizmo (USA).jpg,Gremlins - Stripe vs Gizmo (USA).jpg,100.0
Nintendo Game Boy Advance,"Grim Adventures of Billy & Mandy, The (USA)","Grim Adventures of Billy & Mandy, The (USA).jpg","Grim Adventures of Billy & Mandy, The (USA).jpg",100.0
Nintendo Game Boy Advance,"GT Advance - Championship Racing (USA, Europe)","GT Advance - Championship Racing (USA, Europe).jpg","GT Advance - Championship Racing (USA, Europe).jpg",100.0
Nintendo Game Boy Advance,GT Advance 2 - Rally Racing (USA),GT Advance 2 - Rally Racing (USA).jpg,GT Advance 2 - Rally Racing (USA).jpg,100.0
Nintendo Game Boy Advance,GT Advance 3 - Pro Concept Racing (USA),GT Advance 3 - Pro Concept Racing (USA).jpg,GT Advance 3 - Pro Concept Racing (USA).jpg,100.0
Nintendo Game Boy Advance,"GT Racers (Europe) (En,Fr,De,Es,It)","GT Racers (Europe) (En,Fr,De,Es,It).png","GT Racers (Europe) (En,Fr,De,Es,It).png",100.0
Nintendo Game Boy Advance,Guilty Gear X - Advance Edition (USA),Guilty Gear X - Advance Edition (USA).png,Guilty Gear X - Advance Edition (USA).png,100.0
Nintendo Game Boy Advance,Gumby vs. the Astrobots (USA),Gumby vs. the Astrobots (USA).jpg,Gumby vs. the Astrobots (USA).jpg,100.0
Nintendo Game Boy Advance,Gunstar Super Heroes (KOR),Gunstar Super Heroes (KOR).jpg,Gunstar Super Heroes (KOR).jpg,100.0
Nintendo Game Boy Advance,Gyakuten Saiban 1 (KOR),Gyakuten Saiban 1 (KOR).png,Gyakuten Saiban 1 (KOR).png,100.0
Nintendo Game Boy Advance,Gyakuten Saiban 2 (KOR),Gyakuten Saiban 2 (KOR).png,Gyakuten Saiban 2 (KOR).png,100.0
Nintendo Game Boy Advance,Hajime no Ippo - The Fighting! (KOR),Hajime no Ippo - The Fighting! (KOR).jpg,Hajime no Ippo - The Fighting! (KOR).jpg,100.0
Nintendo Game Boy Advance,"Hamtaro - Ham-Ham Games (Europe) (En,Fr,De,Es,It)","Hamtaro - Ham-Ham Games (Europe) (En,Fr,De,Es,It).png","Hamtaro - Ham-Ham Games (Europe) (En,Fr,De,Es,It).png",100.0
Nintendo Game Boy Advance,Hamtaro - Ham-Ham Heartbreak (USA),Hamtaro - Ham-Ham Heartbreak (USA).jpg,Hamtaro - Ham-Ham Heartbreak (USA).jpg,100.0
Nintendo Game Boy Advance,"Hamtaro - Rainbow Rescue (Europe) (En,Fr,De,Es,It)","Hamtaro - Rainbow Rescue (Europe) (En,Fr,De,Es,It).jpg","Hamtaro - Rainbow Rescue (Europe) (En,Fr,De,Es,It).jpg",100.0
Nintendo Game Boy Advance,"Happy Feet (USA) (En,Fr)","Happy Feet (USA) (En,Fr).jpg","Happy Feet (USA) (En,Fr).jpg",100.0
Nintendo Game Boy Advance,"Hardcore Pinball (USA, Europe)","Hardcore Pinball (USA, Europe).jpg","Hardcore Pinball (USA, Europe).jpg",100.0
Nintendo Game Boy Advance,"Hardcore Pool (Europe) (En,De,Es,It)","Hardcore Pool (Europe) (En,De,Es,It).jpg","Hardcore Pool (Europe) (En,De,Es,It).jpg",100.0
Nintendo Game Boy Advance,Harlem Globetrotters - World Tour (USA),Harlem Globetrotters - World Tour (USA).jpg,Harlem Globetrotters - World Tour (USA).jpg,100.0
Nintendo Game Boy Advance,"Harry Potter - Quidditch World Cup (USA, Europe) (En,Fr,De,Es,It,Nl,Da)","Harry Potter - Quidditch World Cup (USA, Europe) (En,Fr,De,Es,It,Nl,Da).png","Harry Potter - Quidditch World Cup (USA, Europe) (En,Fr,De,Es,It,Nl,Da).png",100.0
Nintendo Game Boy Advance,"Harry Potter and the Chamber of Secrets (USA, Europe) (En,Fr,De,Es,It,Nl,Pt,Sv,No,Da)","Harry Potter and the Chamber of Secrets (USA, Europe) (En,Fr,De,Es,It,Nl,Pt,Sv,No,Da).jpg","Harry Potter and the Chamber of Secrets (USA, Europe) (En,Fr,De,Es,It,Nl,Pt,Sv,No,Da).jpg",100.0
Nintendo Game Boy Advance,"Harry Potter and the Goblet of Fire (USA, Europe) (En,Fr,De,Es,It,Nl,Da)","Harry Potter and the Goblet of Fire (USA, Europe) (En,Fr,De,Es,It,Nl,Da).png","Harry Potter and the Goblet of Fire (USA, Europe) (En,Fr,De,Es,It,Nl,Da).png",100.0
Nintendo Game Boy Advance,"Harry Potter and the Order of the Phoenix (Europe) (En,Fr,De,Es,It,Nl,Da)","Harry Potter and the Order of the Phoenix (Europe) (En,Fr,De,Es,It,Nl,Da).jpg","Harry Potter and the Order of the Phoenix (Europe) (En,Fr,De,Es,It,Nl,Da).jpg",100.0
Nintendo Game Boy Advance,"Harry Potter and the Prisoner of Azkaban (USA, Europe) (En,Fr,De,Es,It,Nl,Da)","Harry Potter and the Prisoner of Azkaban (USA, Europe) (En,Fr,De,Es,It,Nl,Da).jpg","Harry Potter and the Prisoner of Azkaban (USA, Europe) (En,Fr,De,Es,It,Nl,Da).jpg",100.0
Nintendo Game Boy Advance,"Harry Potter and the Sorcerer's Stone (USA, Europe) (En,Fr,De,Es,It,Nl,Pt,Sv,No,Da)","Harry Potter and the Sorcerer's Stone (USA, Europe) (En,Fr,De,Es,It,Nl,Pt,Sv,No,Da).png","Harry Potter and the Sorcerer's Stone (USA, Europe) (En,Fr,De,Es,It,Nl,Pt,Sv,No,Da).png",100.0
Nintendo Game Boy Advance,"Harry Potter Collection (Europe) (En,Fr,De,Es,It,Nl,Pt,Sv,No,Da)","Harry Potter Collection (Europe) (En,Fr,De,Es,It,Nl,Pt,Sv,No,Da).png","Harry Potter Collection (Europe) (En,Fr,De,Es,It,Nl,Pt,Sv,No,Da).png",100.0
Nintendo Game Boy Advance,Harvest Moon (KOR),Harvest Moon (KOR).jpg,Harvest Moon (KOR).jpg,100.0
Nintendo Game Boy Advance,Harvest Moon - Friends of Mineral Town (USA),Harvest Moon - Friends of Mineral Town (USA).png,Harvest Moon - Friends of Mineral Town (USA).png,100.0
Nintendo Game Boy Advance,Harvest Moon - More Friends of Mineral Town (USA),Harvest Moon - More Friends of Mineral Town (USA).png,Harvest Moon - More Friends of Mineral Town (USA).png,100.0
Nintendo Game Boy Advance,"Heidi - The Game (Europe) (En,Fr,De,Es,It)","Heidi - The Game (Europe) (En,Fr,De,Es,It).jpg","Heidi - The Game (Europe) (En,Fr,De,Es,It).jpg",100.0
Nintendo Game Boy Advance,Hello Kitty - Happy Party Pals (USA),Hello Kitty - Happy Party Pals (USA).jpg,Hello Kitty - Happy Party Pals (USA).jpg,100.0
Nintendo Game Boy Advance,Herbie - Fully Loaded (USA),Herbie - Fully Loaded (USA).jpg,Herbie - Fully Loaded (USA).jpg,100.0
Nintendo Game Boy Advance,Hey Arnold! - The Movie (USA),Hey Arnold! - The Movie (USA).jpg,Hey Arnold! - The Movie (USA).jpg,100.0
Nintendo Game Boy Advance,Hi Hi Puffy AmiYumi - Kaznapped! (USA),Hi Hi Puffy AmiYumi - Kaznapped! (USA).png,Hi Hi Puffy AmiYumi - Kaznapped! (USA).png,100.0
Nintendo Game Boy Advance,"High Heat Major League Baseball 2002 (USA, Europe)","High Heat Major League Baseball 2002 (USA, Europe).png","High Heat Major League Baseball 2002 (USA, Europe).png",100.0
Nintendo Game Boy Advance,High Heat Major League Baseball 2003 (USA),High Heat Major League Baseball 2003 (USA).png,High Heat Major League Baseball 2003 (USA).png,100.0
Nintendo Game Boy Advance,High School Musical - Livin' the Dream (USA),High School Musical - Livin' the Dream (USA).jpg,High School Musical - Livin' the Dream (USA).jpg,100.0
Nintendo Game Boy Advance,Hikaru no Go (KOR),Hikaru no Go (KOR).png,Hikaru no Go (KOR).png,100.0
Nintendo Game Boy Advance,"Home on the Range (USA) (En,Fr)","Home on the Range (USA) (En,Fr).jpg","Home on the Range (USA) (En,Fr).jpg",100.0
Nintendo Game Boy Advance,Hoshi no Kirby - Kagami no Daimeikyuu (KOR),Hoshi no Kirby - Kagami no Daimeikyuu (KOR).png,Hoshi no Kirby - Kagami no Daimeikyuu (KOR).png,100.0
Nintendo Game Boy Advance,Hoshi no Kirby - Yume no Izumi Deluxe (KOR),Hoshi no Kirby - Yume no Izumi Deluxe (KOR).png,Hoshi no Kirby - Yume no Izumi Deluxe (KOR).png,100.0
Nintendo Game Boy Advance,Hot Potato! (USA),Hot Potato! (USA).jpg,Hot Potato! (USA).jpg,100.0
Nintendo Game Boy Advance,Hot Wheels - All Out (USA),Hot Wheels - All Out (USA).jpg,Hot Wheels - All Out (USA).jpg,100.0
Nintendo Game Boy Advance,Hot Wheels - Burnin' Rubber (USA),Hot Wheels - Burnin' Rubber (USA).jpg,Hot Wheels - Burnin' Rubber (USA).jpg,100.0
Nintendo Game Boy Advance,"Hot Wheels - Stunt Track Challenge (USA, Europe)","Hot Wheels - Stunt Track Challenge (USA, Europe).png","Hot Wheels - Stunt Track Challenge (USA, Europe).png",100.0
Nintendo Game Boy Advance,Hot Wheels - Velocity X (USA),Hot Wheels - Velocity X (USA).png,Hot Wheels - Velocity X (USA).png,100.0
Nintendo Game Boy Advance,Hot Wheels - World Race (USA),Hot Wheels - World Race (USA).jpg,Hot Wheels - World Race (USA).jpg,100.0
Nintendo Game Boy Advance,"Hugo - Bukkazoom! (Europe) (En,Fr,De,Es,It,Nl,Pt,Sv,No,Da,Fi,Pl)","Hugo - Bukkazoom! (Europe) (En,Fr,De,Es,It,Nl,Pt,Sv,No,Da,Fi,Pl).jpg","Hugo - Bukkazoom! (Europe) (En,Fr,De,Es,It,Nl,Pt,Sv,No,Da,Fi,Pl).jpg",100.0
Nintendo Game Boy Advance,"Hugo - The Evil Mirror Advance (USA) (En,Fr,Es)","Hugo - The Evil Mirror Advance (USA) (En,Fr,Es).png","Hugo - The Evil Mirror Advance (USA) (En,Fr,Es).png",100.0
Nintendo Game Boy Advance,"Hugo 2 in 1 (Europe) (En,Fr,De,Es,It,Nl,Pt,Sv,No,Da,Fi,Pl)","Hugo 2 in 1 (Europe) (En,Fr,De,Es,It,Nl,Pt,Sv,No,Da,Fi,Pl).png","Hugo 2 in 1 (Europe) (En,Fr,De,Es,It,Nl,Pt,Sv,No,Da,Fi,Pl).png",100.0
Nintendo Game Boy Advance,I Spy Challenger! (USA),I Spy Challenger! (USA).jpg,I Spy Challenger! (USA).jpg,100.0
Nintendo Game Boy Advance,"Ice Age (USA) (En,Fr,Es)","Ice Age (USA) (En,Fr,Es).jpg","Ice Age (USA) (En,Fr,Es).jpg",100.0
Nintendo Game Boy Advance,Ice Age 2 - The Meltdown (USA),Ice Age 2 - The Meltdown (USA).png,Ice Age 2 - The Meltdown (USA).png,100.0
Nintendo Game Boy Advance,"Ice Nine (USA, Europe) (En,Fr,De,Es,It)","Ice Nine (USA, Europe) (En,Fr,De,Es,It).jpg","Ice Nine (USA, Europe) (En,Fr,De,Es,It).jpg",100.0
Nintendo Game Boy Advance,Ignition Collection - Volume 1 (Europe),Ignition Collection - Volume 1 (Europe).jpg,Ignition Collection - Volume 1 (Europe).jpg,100.0
Nintendo Game Boy Advance,"Incredible Hulk, The (USA)","Incredible Hulk, The (USA).jpg","Incredible Hulk, The (USA).jpg",100.0
Nintendo Game Boy Advance,"Incredibles, The (USA, Europe)","Incredibles, The (USA, Europe).png","Incredibles, The (USA, Europe).png",100.0
Nintendo Game Boy Advance,"Incredibles, The - Rise of the Underminer (USA, Europe)","Incredibles, The - Rise of the Underminer (USA, Europe).jpg","Incredibles, The - Rise of the Underminer (USA, Europe).jpg",100.0
Nintendo Game Boy Advance,Inspector Gadget - Advance Mission (USA),Inspector Gadget - Advance Mission (USA).jpg,Inspector Gadget - Advance Mission (USA).jpg,100.0
Nintendo Game Boy Advance,"Inspector Gadget Racing (Europe) (En,Fr,De,Es,It,Nl)","Inspector Gadget Racing (Europe) (En,Fr,De,Es,It,Nl).png","Inspector Gadget Racing (Europe) (En,Fr,De,Es,It,Nl).png",100.0
Nintendo Game Boy Advance,International Karate Advanced (Europe),International Karate Advanced (Europe).jpg,International Karate Advanced (Europe).jpg,100.0
Nintendo Game Boy Advance,International Karate Plus (USA),International Karate Plus (USA).png,International Karate Plus (USA).png,100.0
Nintendo Game Boy Advance,International Superstar Soccer (Europe),International Superstar Soccer (Europe).jpg,International Superstar Soccer (Europe).jpg,100.0
Nintendo Game Boy Advance,International Superstar Soccer Advance (Europe),International Superstar Soccer Advance (Europe).png,International Superstar Soccer Advance (Europe).png,100.0
Nintendo Game Boy Advance,Invader (Europe),Invader (Europe).jpg,Invader (Europe).jpg,100.0
Nintendo Game Boy Advance,"Invincible Iron Man, The (USA, Europe)","Invincible Iron Man, The (USA, Europe).jpg","Invincible Iron Man, The (USA, Europe).jpg",100.0
Nintendo Game Boy Advance,"Iridion 3D (USA, Europe)","Iridion 3D (USA, Europe).png","Iridion 3D (USA, Europe).png",100.0
Nintendo Game Boy Advance,Iron Kid (KOR),Iron Kid (KOR).png,Iron Kid (KOR).png,100.0
Nintendo Game Boy Advance,"It's Mr. Pants (USA, Europe)","It's Mr. Pants (USA, Europe).jpg","It's Mr. Pants (USA, Europe).jpg",100.0
Nintendo Game Boy Advance,"Jackie Chan Adventures - Legend of the Darkhand (USA, Europe)","Jackie Chan Adventures - Legend of the Darkhand (USA, Europe).png","Jackie Chan Adventures - Legend of the Darkhand (USA, Europe).png",100.0
Nintendo Game Boy Advance,"James Pond - Codename Robocod (USA) (En,Fr,Es,Pt)","James Pond - Codename Robocod (USA) (En,Fr,Es,Pt).jpg","James Pond - Codename Robocod (USA) (En,Fr,Es,Pt).jpg",100.0
Nintendo Game Boy Advance,Jazz Jackrabbit (USA),"Scrabble (Europe) (En,Fr,De,Es).jpg",Jazz Jackrabbit (USA).jpg,56.25
Nintendo Game Boy Advance,Jimmy Neutron Boy Genius (USA),Jimmy Neutron Boy Genius (USA).png,Jimmy Neutron Boy Genius (USA).png,100.0
Nintendo Game Boy Advance,"Jonny Moseley Mad Trix (USA, Europe) (En,Fr,De,Es,It)","Jonny Moseley Mad Trix (USA, Europe) (En,Fr,De,Es,It).jpg","Jonny Moseley Mad Trix (USA, Europe) (En,Fr,De,Es,It).jpg",100.0
Nintendo Game Boy Advance,"Juka and the Monophonic Menace (USA) (En,Fr,Es)","Juka and the Monophonic Menace (USA) (En,Fr,Es).jpg","Juka and the Monophonic Menace (USA) (En,Fr,Es).jpg",100.0
Nintendo Game Boy Advance,"Jungle Book, The (USA) (En,Fr,De,Es,It,Nl)","Jungle Book, The (USA) (En,Fr,De,Es,It,Nl).jpg","Jungle Book, The (USA) (En,Fr,De,Es,It,Nl).jpg",100.0
Nintendo Game Boy Advance,Jurassic Park III - Island Attack (USA),Jurassic Park III - Island Attack (USA).jpg,Jurassic Park III - Island Attack (USA).jpg,100.0
Nintendo Game Boy Advance,Jurassic Park III - Park Builder (USA),Jurassic Park III - Park Builder (USA).jpg,Jurassic Park III - Park Builder (USA).jpg,100.0
Nintendo Game Boy Advance,Jurassic Park III - The DNA Factor (USA),Jurassic Park III - The DNA Factor (USA).jpg,Jurassic Park III - The DNA Factor (USA).jpg,100.0
Nintendo Game Boy Advance,Justice League - Injustice for All (USA),Justice League - Injustice for All (USA).jpg,Justice League - Injustice for All (USA).jpg,100.0
Nintendo Game Boy Advance,Justice League Chronicles (USA),Justice League Chronicles (USA).jpg,Justice League Chronicles (USA).jpg,100.0
Nintendo Game Boy Advance,Justice League Heroes - The Flash (USA),Justice League Heroes - The Flash (USA).png,Justice League Heroes - The Flash (USA).png,100.0
Nintendo Game Boy Advance,Kamaitachi No Yoru Advance (KOR),Kamaitachi No Yoru Advance (KOR).png,Kamaitachi No Yoru Advance (KOR).png,100.0
Nintendo Game Boy Advance,"Kao the Kangaroo (USA) (En,Fr,De,Es,It,Nl)","Kao the Kangaroo (USA) (En,Fr,De,Es,It,Nl).jpg","Kao the Kangaroo (USA) (En,Fr,De,Es,It,Nl).jpg",100.0
Nintendo Game Boy Advance,"Karnaaj Rally (USA, Europe)","Karnaaj Rally (USA, Europe).png","Karnaaj Rally (USA, Europe).png",100.0
Nintendo Game Boy Advance,"Kelly Slater's Pro Surfer (USA, Europe)","Kelly Slater's Pro Surfer (USA, Europe) (1).png","Kelly Slater's Pro Surfer (USA, Europe).png",100.0
Nintendo Game Boy Advance,"Kid Paddle (Europe) (Fr,Nl)",Kid's Cards (USA) (1).png,"Kid Paddle (Europe) (Fr,Nl).png",57.14285714285714
Nintendo Game Boy Advance,Kill Switch (USA),Kill Switch (USA).jpg,Kill Switch (USA).jpg,100.0
Nintendo Game Boy Advance,Killer 3D Pool (USA),Killer 3D Pool (USA).jpg,Killer 3D Pool (USA).jpg,100.0
Nintendo Game Boy Advance,Kim Possible - Revenge of Monkey Fist (USA),Kim Possible - Revenge of Monkey Fist (USA).jpg,Kim Possible - Revenge of Monkey Fist (USA).jpg,100.0
Nintendo Game Boy Advance,"Kim Possible 2 - Drakken's Demise (USA) (En,Fr)","Kim Possible 2 - Drakken's Demise (USA) (En,Fr).jpg","Kim Possible 2 - Drakken's Demise (USA) (En,Fr).jpg",100.0
Nintendo Game Boy Advance,"Kim Possible III - Team Possible (USA) (En,Fr)","Kim Possible III - Team Possible (USA) (En,Fr).jpg","Kim Possible III - Team Possible (USA) (En,Fr).jpg",100.0
Nintendo Game Boy Advance,"King of Fighters EX, The - NeoBlood (KOR)","King of Fighters EX, The - NeoBlood (KOR).jpg","King of Fighters EX, The - NeoBlood (KOR).jpg",100.0
Nintendo Game Boy Advance,"King of Fighters EX2, The - Howling Blood (USA)","King of Fighters EX2, The - Howling Blood (USA).png","King of Fighters EX2, The - Howling Blood (USA).png",100.0
Nintendo Game Boy Advance,Kingdom Hearts - Chain of Memeries (KOR),Kingdom Hearts - Chain of Memeries (KOR).png,Kingdom Hearts - Chain of Memeries (KOR).png,100.0
Nintendo Game Boy Advance,Kingdom Hearts - Chain of Memories (USA),Kingdom Hearts - Chain of Memories (USA).png,Kingdom Hearts - Chain of Memories (USA).png,100.0
Nintendo Game Boy Advance,Kirby & the Amazing Mirror (USA),Kirby & the Amazing Mirror (USA).png,Kirby & the Amazing Mirror (USA).png,100.0
Nintendo Game Boy Advance,Klonoa - Empire of Dreams (USA),Klonoa - Empire of Dreams (USA).jpg,Klonoa - Empire of Dreams (USA).jpg,100.0
Nintendo Game Boy Advance,Klonoa 2 - Dream Champ Tournament (USA),Klonoa 2 - Dream Champ Tournament (USA).png,Klonoa 2 - Dream Champ Tournament (USA).png,100.0
Nintendo Game Boy Advance,Knights' Kingdom (USA),Knights' Kingdom (USA).jpg,Knights' Kingdom (USA).jpg,100.0
Nintendo Game Boy Advance,"Koala Brothers - Outback Adventures (USA) (En,Fr,De,Es,It,Nl,Pt,Da)","Koala Brothers - Outback Adventures (USA) (En,Fr,De,Es,It,Nl,Pt,Da).jpg","Koala Brothers - Outback Adventures (USA) (En,Fr,De,Es,It,Nl,Pt,Da).jpg",100.0
Nintendo Game Boy Advance,Konami Collector's Series - Arcade Advanced (USA),Konami Collector's Series - Arcade Advanced (USA).jpg,Konami Collector's Series - Arcade Advanced (USA).jpg,100.0
Nintendo Game Boy Advance,Konami Krazy Racers (USA),Konami Krazy Racers (USA).jpg,Konami Krazy Racers (USA).jpg,100.0
Nintendo Game Boy Advance,Kong - King of Atlantis (USA),Kong - King of Atlantis (USA).jpg,Kong - King of Atlantis (USA).jpg,100.0
Nintendo Game Boy Advance,"Kong - The 8th Wonder of the World (USA) (En,Fr,Es)","Kong - The 8th Wonder of the World (USA) (En,Fr,Es).jpg","Kong - The 8th Wonder of the World (USA) (En,Fr,Es).jpg",100.0
Nintendo Game Boy Advance,"Kong - The Animated Series (USA) (En,Fr,De,Es,It,Nl)","Kong - The Animated Series (USA) (En,Fr,De,Es,It,Nl).jpg","Kong - The Animated Series (USA) (En,Fr,De,Es,It,Nl).jpg",100.0
Nintendo Game Boy Advance,"Land Before Time, The (USA) (En,Es)","Land Before Time, The (USA) (En,Es).jpg","Land Before Time, The (USA) (En,Es).jpg",100.0
Nintendo Game Boy Advance,"Land Before Time, The - Into the Mysterious Beyond (USA) (En,Fr,Es)","Land Before Time, The - Into the Mysterious Beyond (USA) (En,Fr,Es).png","Land Before Time, The - Into the Mysterious Beyond (USA) (En,Fr,Es).png",100.0
Nintendo Game Boy Advance,"Lara Croft Tomb Raider - Legend (USA) (En,Fr,De,Es,It)","Lara Croft Tomb Raider - Legend (USA) (En,Fr,De,Es,It).png","Lara Croft Tomb Raider - Legend (USA) (En,Fr,De,Es,It).png",100.0
Nintendo Game Boy Advance,"Lara Croft Tomb Raider - The Prophecy (USA) (En,Fr,De,Es,It)","Lara Croft Tomb Raider - The Prophecy (USA) (En,Fr,De,Es,It).png","Lara Croft Tomb Raider - The Prophecy (USA) (En,Fr,De,Es,It).png",100.0
Nintendo Game Boy Advance,"Legend of Spyro, The - A New Beginning (USA)","Legend of Spyro, The - A New Beginning (USA).png","Legend of Spyro, The - A New Beginning (USA).png",100.0
Nintendo Game Boy Advance,"Legend of Spyro, The - The Eternal Night (USA) (En,Fr)","Legend of Spyro, The - The Eternal Night (USA) (En,Fr).jpg","Legend of Spyro, The - The Eternal Night (USA) (En,Fr).jpg",100.0
Nintendo Game Boy Advance,"Legend of Zelda, The - A Link to the Past & Four Swords (USA, Australia)","Legend of Zelda, The - A Link to the Past & Four Swords (USA, Australia).png","Legend of Zelda, The - A Link to the Past & Four Swords (USA, Australia).png",100.0
Nintendo Game Boy Advance,"Legend of Zelda, The - The Minish Cap (USA)","Legend of Zelda, The - The Minish Cap (USA).png","Legend of Zelda, The - The Minish Cap (USA).png",100.0
Nintendo Game Boy Advance,"Legends of Wrestling II (USA, Europe)","Legends of Wrestling II (USA, Europe).jpg","Legends of Wrestling II (USA, Europe).jpg",100.0
Nintendo Game Boy Advance,Legendz Buhwarhaneun Siryeonyi Seom (KOR),Lunar Legend (USA).jpg,Legendz Buhwarhaneun Siryeonyi Seom (KOR).jpg,60.00000000000001
Nintendo Game Boy Advance,"LEGO Bionicle (USA) (En,Fr)","LEGO Bionicle (USA) (En,Fr).jpg","LEGO Bionicle (USA) (En,Fr).jpg",100.0
Nintendo Game Boy Advance,"LEGO Island - Xtreme Stunts (USA, Europe) (En,Fr,De,Es,It,Nl,Sv,Da)","LEGO Island - Xtreme Stunts (USA, Europe) (En,Fr,De,Es,It,Nl,Sv,Da).png","LEGO Island - Xtreme Stunts (USA, Europe) (En,Fr,De,Es,It,Nl,Sv,Da).png",100.0
Nintendo Game Boy Advance,"LEGO Island 2 - The Brickster's Revenge (USA) (En,Fr)","LEGO Island 2 - The Brickster's Revenge (USA) (En,Fr).jpg","LEGO Island 2 - The Brickster's Revenge (USA) (En,Fr).jpg",100.0
Nintendo Game Boy Advance,"LEGO Racers 2 (USA) (En,Fr)","LEGO Racers 2 (USA) (En,Fr).jpg","LEGO Racers 2 (USA) (En,Fr).jpg",100.0
Nintendo Game Boy Advance,"LEGO Soccer Mania (USA, Europe) (En,Fr,De,Es,It,Nl,Sv,Da)","LEGO Soccer Mania (USA, Europe) (En,Fr,De,Es,It,Nl,Sv,Da).png","LEGO Soccer Mania (USA, Europe) (En,Fr,De,Es,It,Nl,Sv,Da).png",100.0
Nintendo Game Boy Advance,"LEGO Star Wars - The Video Game (USA, Europe) (En,Fr,De,Es,It,Nl,Da)","LEGO Star Wars - The Video Game (USA, Europe) (En,Fr,De,Es,It,Nl,Da).png","LEGO Star Wars - The Video Game (USA, Europe) (En,Fr,De,Es,It,Nl,Da).png",100.0
Nintendo Game Boy Advance,LEGO Star Wars II - The Original Trilogy (USA),LEGO Star Wars II - The Original Trilogy (USA).jpg,LEGO Star Wars II - The Original Trilogy (USA).jpg,100.0
Nintendo Game Boy Advance,"Lemony Snicket's A Series of Unfortunate Events (USA, Europe)","Lemony Snicket's A Series of Unfortunate Events (USA, Europe).jpg","Lemony Snicket's A Series of Unfortunate Events (USA, Europe).jpg",100.0
Nintendo Game Boy Advance,Let's Ride! - Dreamer (USA),Let's Ride! - Dreamer (USA).png,Let's Ride! - Dreamer (USA).png,100.0
Nintendo Game Boy Advance,Let's Ride! - Friends Forever (USA),Let's Ride! - Friends Forever (USA).png,Let's Ride! - Friends Forever (USA).png,100.0
Nintendo Game Boy Advance,Let's Ride! - Sunshine Stables (USA),Let's Ride! - Sunshine Stables (USA).jpg,Let's Ride! - Sunshine Stables (USA).jpg,100.0
Nintendo Game Boy Advance,Lilo & Stitch (USA),Lilo & Stitch (USA).jpg,Lilo & Stitch (USA).jpg,100.0
Nintendo Game Boy Advance,Lilo & Stitch 2 - Haemsterviel Havoc (USA),Lilo & Stitch 2 - Haemsterviel Havoc (USA).png,Lilo & Stitch 2 - Haemsterviel Havoc (USA).png,100.0
Nintendo Game Boy Advance,"Lion King 1 1-2, The (USA)","Lion King 1 1-2, The (USA).png","Lion King 1 1-2, The (USA).png",100.0
Nintendo Game Boy Advance,Little Einsteins (USA),Little Einsteins (USA).jpg,Little Einsteins (USA).jpg,100.0
Nintendo Game Boy Advance,"Little League Baseball 2002 (USA) (En,Es)","Little League Baseball 2002 (USA) (En,Es).jpg","Little League Baseball 2002 (USA) (En,Es).jpg",100.0
Nintendo Game Boy Advance,"Little Mermaid, The - Magic in Two Kingdoms (USA, Europe) (En,Fr,De,Es,It)","Little Mermaid, The - Magic in Two Kingdoms (USA, Europe) (En,Fr,De,Es,It).jpg","Little Mermaid, The - Magic in Two Kingdoms (USA, Europe) (En,Fr,De,Es,It).jpg",100.0
Nintendo Game Boy Advance,Lizzie McGuire - On the Go! (USA),Lizzie McGuire - On the Go! (USA).png,Lizzie McGuire - On the Go! (USA).png,100.0
Nintendo Game Boy Advance,"Lizzie McGuire 2 - Lizzie Diaries (USA) (En,Fr)","Lizzie McGuire 2 - Lizzie Diaries (USA) (En,Fr).jpg","Lizzie McGuire 2 - Lizzie Diaries (USA) (En,Fr).jpg",100.0
Nintendo Game Boy Advance,Lizzie McGuire 3 - Homecoming Havoc (USA),Lizzie McGuire 3 - Homecoming Havoc (USA).jpg,Lizzie McGuire 3 - Homecoming Havoc (USA).jpg,100.0
Nintendo Game Boy Advance,"Looney Tunes - Back in Action (USA, Europe) (En,Fr,De,Es,It)","Looney Tunes - Back in Action (USA, Europe) (En,Fr,De,Es,It).jpg","Looney Tunes - Back in Action (USA, Europe) (En,Fr,De,Es,It).jpg",100.0
Nintendo Game Boy Advance,Looney Tunes Double Pack (USA),Looney Tunes Double Pack (USA).jpg,Looney Tunes Double Pack (USA).jpg,100.0
Nintendo Game Boy Advance,"Lord of the Rings, The - The Fellowship of the Ring (USA)","Lord of the Rings, The - The Fellowship of the Ring (USA).jpg","Lord of the Rings, The - The Fellowship of the Ring (USA).jpg",100.0
Nintendo Game Boy Advance,"Lord of the Rings, The - The Return of the King (USA, Europe) (En,Fr,De,Es,It)","Lord of the Rings, The - The Return of the King (USA, Europe) (En,Fr,De,Es,It).jpg","Lord of the Rings, The - The Return of the King (USA, Europe) (En,Fr,De,Es,It).jpg",100.0
Nintendo Game Boy Advance,"Lord of the Rings, The - The Third Age (USA, Europe) (En,Fr,De,Es,It)","Lord of the Rings, The - The Third Age (USA, Europe) (En,Fr,De,Es,It).png","Lord of the Rings, The - The Third Age (USA, Europe) (En,Fr,De,Es,It).png",100.0
Nintendo Game Boy Advance,"Lord of the Rings, The - The Two Towers (USA, Europe) (En,Fr,De,Es,It,Nl)","Lord of the Rings, The - The Two Towers (USA, Europe) (En,Fr,De,Es,It,Nl).png","Lord of the Rings, The - The Two Towers (USA, Europe) (En,Fr,De,Es,It,Nl).png",100.0
Nintendo Game Boy Advance,"Lost Vikings, The (USA)","Lost Vikings, The (USA).jpg","Lost Vikings, The (USA).jpg",100.0
Nintendo Game Boy Advance,"Lucky Luke - Wanted! (Europe) (En,Fr,De,Es,It,Nl)","Lucky Luke - Wanted! (Europe) (En,Fr,De,Es,It,Nl).jpg","Lucky Luke - Wanted! (Europe) (En,Fr,De,Es,It,Nl).jpg",100.0
Nintendo Game Boy Advance,Lufia - The Ruins of Lore (USA),Lufia - The Ruins of Lore (USA).png,Lufia - The Ruins of Lore (USA).png,100.0
Nintendo Game Boy Advance,M&M's - Blast! (USA),M&M's - Blast! (USA).jpg,M&M's - Blast! (USA).jpg,100.0
Nintendo Game Boy Advance,M&M's - Break 'em (USA) (Rev 1),M&M's - Break 'em (USA) (Rev 1).jpg,M&M's - Break 'em (USA) (Rev 1).jpg,100.0
Nintendo Game Boy Advance,Madagascar (USA),Madagascar (USA).jpg,Madagascar (USA).jpg,100.0
Nintendo Game Boy Advance,Madagascar - Operation Penguin (USA),Madagascar - Operation Penguin (USA).png,Madagascar - Operation Penguin (USA).png,100.0
Nintendo Game Boy Advance,Madden NFL 06 (USA),Madden NFL 06 (USA).jpg,Madden NFL 06 (USA).jpg,100.0
Nintendo Game Boy Advance,Madden NFL 07 (USA),Madden NFL 07 (USA).jpg,Madden NFL 07 (USA).jpg,100.0
Nintendo Game Boy Advance,Madden NFL 2002 (USA),Madden NFL 2002 (USA).png,Madden NFL 2002 (USA).png,100.0
Nintendo Game Boy Advance,Madden NFL 2003 (USA),Madden NFL 2003 (USA).png,Madden NFL 2003 (USA).png,100.0
Nintendo Game Boy Advance,Madden NFL 2004 (USA),Madden NFL 2004 (USA).jpg,Madden NFL 2004 (USA).jpg,100.0
Nintendo Game Boy Advance,Madden NFL 2005 (USA),Madden NFL 2005 (USA) (1).png,Madden NFL 2005 (USA).png,100.0
Nintendo Game Boy Advance,Made in Wario (KOR),Made in Wario (KOR).png,Made in Wario (KOR).png,100.0
Nintendo Game Boy Advance,"Magical Quest 2 Starring Mickey & Minnie (USA) (En,Fr,De)","Magical Quest 2 Starring Mickey & Minnie (USA) (En,Fr,De).jpg","Magical Quest 2 Starring Mickey & Minnie (USA) (En,Fr,De).jpg",100.0
Nintendo Game Boy Advance,"Magical Quest 3 Starring Mickey & Donald (USA) (En,Fr,De)","Magical Quest 3 Starring Mickey & Donald (USA) (En,Fr,De).png","Magical Quest 3 Starring Mickey & Donald (USA) (En,Fr,De).png",100.0
Nintendo Game Boy Advance,Magical Quest Starring Mickey & Minnie (USA),Magical Quest Starring Mickey & Minnie (USA).jpg,Magical Quest Starring Mickey & Minnie (USA).jpg,100.0
Nintendo Game Boy Advance,Majesco's Rec Room Challenge (USA),Majesco's Rec Room Challenge (USA).png,Majesco's Rec Room Challenge (USA).png,100.0
Nintendo Game Boy Advance,Majesco's Sports Pack (USA),Majesco's Sports Pack (USA).jpg,Majesco's Sports Pack (USA).jpg,100.0
Nintendo Game Boy Advance,"Manic Miner (Europe) (En,Fr,De,Es,It)","Manic Miner (Europe) (En,Fr,De,Es,It).jpg","Manic Miner (Europe) (En,Fr,De,Es,It).jpg",100.0
Nintendo Game Boy Advance,March of the Penguins (USA),March of the Penguins (USA).png,March of the Penguins (USA).png,100.0
Nintendo Game Boy Advance,"Mario & Luigi - Superstar Saga (USA, Australia)","Mario & Luigi - Superstar Saga (USA, Australia).png","Mario & Luigi - Superstar Saga (USA, Australia).png",100.0
Nintendo Game Boy Advance,Mario Golf - Advance Tour (USA),Mario Golf - Advance Tour (USA).png,Mario Golf - Advance Tour (USA).png,100.0
Nintendo Game Boy Advance,Mario Kart - Super Circuit (USA),Mario Kart - Super Circuit (USA).png,Mario Kart - Super Circuit (USA).png,100.0
Nintendo Game Boy Advance,Mario Party Advance (USA),Mario Party Advance (USA).png,Mario Party Advance (USA).png,100.0
Nintendo Game Boy Advance,"Mario Pinball Land (USA, Australia)","Mario Pinball Land (USA, Australia).png","Mario Pinball Land (USA, Australia).png",100.0
Nintendo Game Boy Advance,"Mario Tennis - Power Tour (USA, Australia) (En,Fr,De,Es,It)","Mario Tennis - Power Tour (USA, Australia) (En,Fr,De,Es,It).jpg","Mario Tennis - Power Tour (USA, Australia) (En,Fr,De,Es,It).jpg",100.0
Nintendo Game Boy Advance,"Mario vs. Donkey Kong (USA, Australia)","Mario vs. Donkey Kong (USA, Australia).jpg","Mario vs. Donkey Kong (USA, Australia).jpg",100.0
Nintendo Game Boy Advance,Marvel - Ultimate Alliance (USA),Marvel - Ultimate Alliance (USA).jpg,Marvel - Ultimate Alliance (USA).jpg,100.0
Nintendo Game Boy Advance,Mary-Kate and Ashley - Girls Night Out (USA),Mary-Kate and Ashley - Girls Night Out (USA).jpg,Mary-Kate and Ashley - Girls Night Out (USA).jpg,100.0
Nintendo Game Boy Advance,Mary-Kate and Ashley Sweet 16 - Licensed to Drive (USA),Mary-Kate and Ashley Sweet 16 - Licensed to Drive (USA).jpg,Mary-Kate and Ashley Sweet 16 - Licensed to Drive (USA).jpg,100.0
Nintendo Game Boy Advance,Masters of the Universe He-Man - Power of Grayskull (USA),Masters of the Universe He-Man - Power of Grayskull (USA).jpg,Masters of the Universe He-Man - Power of Grayskull (USA).jpg,100.0
Nintendo Game Boy Advance,"Mat Hoffman's Pro BMX (USA, Europe)","Mat Hoffman's Pro BMX (USA, Europe).jpg","Mat Hoffman's Pro BMX (USA, Europe).jpg",100.0
Nintendo Game Boy Advance,"Mat Hoffman's Pro BMX 2 (USA, Europe)","Mat Hoffman's Pro BMX 2 (USA, Europe).png","Mat Hoffman's Pro BMX 2 (USA, Europe).png",100.0
Nintendo Game Boy Advance,Matchbox Cross Town Heroes (USA),Matchbox Cross Town Heroes (USA).jpg,Matchbox Cross Town Heroes (USA).jpg,100.0
Nintendo Game Boy Advance,Math Patrol - The Kleptoid Threat (USA),Math Patrol - The Kleptoid Threat (USA).jpg,Math Patrol - The Kleptoid Threat (USA).jpg,100.0
Nintendo Game Boy Advance,Max Payne (USA),Max Payne (USA).jpg,Max Payne (USA).jpg,100.0
Nintendo Game Boy Advance,"Maya the Bee - Sweet Gold (Europe) (En,Fr,De,Es,It)","Maya the Bee - Sweet Gold (Europe) (En,Fr,De,Es,It).jpg","Maya the Bee - Sweet Gold (Europe) (En,Fr,De,Es,It).jpg",100.0
Nintendo Game Boy Advance,"Maya the Bee - The Great Adventure (Europe) (En,Fr,De,Es,It)","Maya the Bee - The Great Adventure (Europe) (En,Fr,De,Es,It).png","Maya the Bee - The Great Adventure (Europe) (En,Fr,De,Es,It).png",100.0
Nintendo Game Boy Advance,"Mazes of Fate (USA) (En,Fr,De,Es,It)","Mazes of Fate (USA) (En,Fr,De,Es,It).jpg","Mazes of Fate (USA) (En,Fr,De,Es,It).jpg",100.0
Nintendo Game Boy Advance,Mech Platoon (USA),Mech Platoon (USA).jpg,Mech Platoon (USA).jpg,100.0
Nintendo Game Boy Advance,Medabots - Metabee Version (USA),Medabots - Metabee Version (USA).jpg,Medabots - Metabee Version (USA).jpg,100.0
Nintendo Game Boy Advance,Medabots - Rokusho Version (USA),Medabots - Rokusho Version (USA).jpg,Medabots - Rokusho Version (USA).jpg,100.0
Nintendo Game Boy Advance,Medabots AX - Metabee Version (USA),Medabots AX - Metabee Version (USA).png,Medabots AX - Metabee Version (USA).png,100.0
Nintendo Game Boy Advance,Medabots AX - Rokusho Version (USA),Medabots AX - Rokusho Version (USA).png,Medabots AX - Rokusho Version (USA).png,100.0
Nintendo Game Boy Advance,"Medal of Honor - Infiltrator (USA, Europe) (En,Fr,De)","Medal of Honor - Infiltrator (USA, Europe) (En,Fr,De).png","Medal of Honor - Infiltrator (USA, Europe) (En,Fr,De).png",100.0
Nintendo Game Boy Advance,Medal of Honor - Underground (USA),Medal of Honor - Underground (USA).jpg,Medal of Honor - Underground (USA).jpg,100.0
Nintendo Game Boy Advance,Meet the Robinsons (USA),Meet the Robinsons (USA).jpg,Meet the Robinsons (USA).jpg,100.0
Nintendo Game Boy Advance,Mega Man & Bass (USA),Mega Man & Bass (USA).png,Mega Man & Bass (USA).png,100.0
Nintendo Game Boy Advance,Mega Man Battle Chip Challenge (USA),Mega Man Battle Chip Challenge (USA).png,Mega Man Battle Chip Challenge (USA).png,100.0
Nintendo Game Boy Advance,Mega Man Battle Network (USA),Mega Man Battle Network (USA).png,Mega Man Battle Network (USA).png,100.0
Nintendo Game Boy Advance,Mega Man Battle Network 3 - Blue Version (USA),Mega Man Battle Network 3 - Blue Version (USA).png,Mega Man Battle Network 3 - Blue Version (USA).png,100.0
Nintendo Game Boy Advance,Mega Man Battle Network 3 - White Version (USA),Mega Man Battle Network 3 - White Version (USA).jpg,Mega Man Battle Network 3 - White Version (USA).jpg,100.0
Nintendo Game Boy Advance,Mega Man Battle Network 4 - Red Sun (USA),Mega Man Battle Network 4 - Red Sun (USA).png,Mega Man Battle Network 4 - Red Sun (USA).png,100.0
Nintendo Game Boy Advance,Mega Man Battle Network 5 - Team Colonel (USA),Mega Man Battle Network 5 - Team Colonel (USA).jpg,Mega Man Battle Network 5 - Team Colonel (USA).jpg,100.0
Nintendo Game Boy Advance,Mega Man Battle Network 6 - Cybeast Falzar (USA),Mega Man Battle Network 6 - Cybeast Falzar (USA).png,Mega Man Battle Network 6 - Cybeast Falzar (USA).png,100.0
Nintendo Game Boy Advance,Mega Man Battle Network 6 - Cybeast Gregar (USA),Mega Man Battle Network 6 - Cybeast Gregar (USA).jpg,Mega Man Battle Network 6 - Cybeast Gregar (USA).jpg,100.0
Nintendo Game Boy Advance,"Mega Man Zero (USA, Europe)",Mega Man Zero 3 (USA).png,"Mega Man Zero (USA, Europe).png",95.0
Nintendo Game Boy Advance,Men in Black - The Series (USA),Men in Black - The Series (USA).png,Men in Black - The Series (USA).png,100.0
Nintendo Game Boy Advance,Metal Slug Advance (KOR),Metal Slug Advance (KOR).png,Metal Slug Advance (KOR).png,100.0
Nintendo Game Boy Advance,Metroid - Fusion (KOR),Metroid - Fusion (KOR).png,Metroid - Fusion (KOR).png,100.0
Nintendo Game Boy Advance,"Micro Machines (Europe) (En,Fr,De,Es,It)","Micro Machines (Europe) (En,Fr,De,Es,It).jpg","Micro Machines (Europe) (En,Fr,De,Es,It).jpg",100.0
Nintendo Game Boy Advance,Midnight Club - Street Racing (USA),Midnight Club - Street Racing (USA).jpg,Midnight Club - Street Racing (USA).jpg,100.0
Nintendo Game Boy Advance,"Midway's Greatest Arcade Hits (USA, Europe)","Midway's Greatest Arcade Hits (USA, Europe).jpg","Midway's Greatest Arcade Hits (USA, Europe).jpg",100.0
Nintendo Game Boy Advance,Mighty Beanz Pocket Puzzles (USA),Mighty Beanz Pocket Puzzles (USA).jpg,Mighty Beanz Pocket Puzzles (USA).jpg,100.0
Nintendo Game Boy Advance,"Mike Tyson Boxing (USA) (En,Fr,De,Es,It)","Mike Tyson Boxing (USA) (En,Fr,De,Es,It).jpg","Mike Tyson Boxing (USA) (En,Fr,De,Es,It).jpg",100.0
Nintendo Game Boy Advance,"Minority Report - Everybody Runs (USA, Europe)","Minority Report - Everybody Runs (USA, Europe).jpg","Minority Report - Everybody Runs (USA, Europe).jpg",100.0
Nintendo Game Boy Advance,"Mission Impossible - Operation Surma (USA) (En,Fr,Es)","Mission Impossible - Operation Surma (USA) (En,Fr,Es).jpg","Mission Impossible - Operation Surma (USA) (En,Fr,Es).jpg",100.0
Nintendo Game Boy Advance,MLB SlugFest 20-04 (USA),MLB SlugFest 20-04 (USA).jpg,MLB SlugFest 20-04 (USA).jpg,100.0
Nintendo Game Boy Advance,Mobile Suit Gundam Seed - Battle Assault (USA),Mobile Suit Gundam Seed - Battle Assault (USA).jpg,Mobile Suit Gundam Seed - Battle Assault (USA).jpg,100.0
Nintendo Game Boy Advance,Monopoly (USA),Monopoly (USA).jpg,Monopoly (USA).jpg,100.0
Nintendo Game Boy Advance,Monster Force (USA),Monster Force (USA).jpg,Monster Force (USA).jpg,100.0
Nintendo Game Boy Advance,"Monster House (USA) (En,Fr)","Monster House (USA) (En,Fr).jpg","Monster House (USA) (En,Fr).jpg",100.0
Nintendo Game Boy Advance,Monster Jam - Maximum Destruction (USA),Monster Jam - Maximum Destruction (USA).jpg,Monster Jam - Maximum Destruction (USA).jpg,100.0
Nintendo Game Boy Advance,Monster Rancher Advance (USA),Monster Rancher Advance (USA).jpg,Monster Rancher Advance (USA).jpg,100.0
Nintendo Game Boy Advance,Monster Rancher Advance 2 (USA),Monster Rancher Advance 2 (USA).png,Monster Rancher Advance 2 (USA).png,100.0
Nintendo Game Boy Advance,"Monster Truck Madness (USA, Europe)","Monster Truck Madness (USA, Europe).jpg","Monster Truck Madness (USA, Europe).jpg",100.0
Nintendo Game Boy Advance,"Monster Trucks (USA, Europe)","Monster Trucks (USA, Europe).png","Monster Trucks (USA, Europe).png",100.0
Nintendo Game Boy Advance,Monster Trucks Mayhem (USA),Monster Trucks Mayhem (USA).jpg,Monster Trucks Mayhem (USA).jpg,100.0
Nintendo Game Boy Advance,Monster! Bass Fishing (USA),Monster! Bass Fishing (USA).jpg,Monster! Bass Fishing (USA).jpg,100.0
Nintendo Game Boy Advance,"Monsters, Inc. (USA, Europe)","Monsters, Inc. (USA, Europe) (1).png","Monsters, Inc. (USA, Europe).png",100.0
Nintendo Game Boy Advance,"Moorhen 3 - The Chicken Chase! (Europe) (En,Fr,De,Es,It)","Moorhen 3 - The Chicken Chase! (Europe) (En,Fr,De,Es,It).jpg","Moorhen 3 - The Chicken Chase! (Europe) (En,Fr,De,Es,It).jpg",100.0
Nintendo Game Boy Advance,"Mortal Kombat - Deadly Alliance (USA) (En,Fr,De,Es,It)","Mortal Kombat - Deadly Alliance (USA) (En,Fr,De,Es,It).jpg","Mortal Kombat - Deadly Alliance (USA) (En,Fr,De,Es,It).jpg",100.0
Nintendo Game Boy Advance,"Mortal Kombat - Tournament Edition (USA) (En,Fr,De,Es,It)","Mortal Kombat - Tournament Edition (USA) (En,Fr,De,Es,It).jpg","Mortal Kombat - Tournament Edition (USA) (En,Fr,De,Es,It).jpg",100.0
Nintendo Game Boy Advance,Mortal Kombat Advance (USA),Mortal Kombat Advance (USA).png,Mortal Kombat Advance (USA).png,100.0
Nintendo Game Boy Advance,Mother 1+2 (KOR),Mother 1+2 (KOR).png,Mother 1+2 (KOR).png,100.0
Nintendo Game Boy Advance,Mother 3 (K),Mother 3 (K).png,Mother 3 (K).png,100.0
Nintendo Game Boy Advance,"Motocross Maniacs Advance (USA) (En,Es)","Motocross Maniacs Advance (USA) (En,Es).png","Motocross Maniacs Advance (USA) (En,Es).png",100.0
Nintendo Game Boy Advance,"Motoracer Advance (USA) (En,Fr,De,Es,It)","Motoracer Advance (USA) (En,Fr,De,Es,It).png","Motoracer Advance (USA) (En,Fr,De,Es,It).png",100.0
Nintendo Game Boy Advance,"Mr Nutz (Europe) (En,Fr,De,Es,It)","Mr Nutz (Europe) (En,Fr,De,Es,It).jpg","Mr Nutz (Europe) (En,Fr,De,Es,It).jpg",100.0
Nintendo Game Boy Advance,Mr. Driller 2 (KOR),Mr. Driller 2 (KOR).png,Mr. Driller 2 (KOR).png,100.0
Nintendo Game Boy Advance,Mr. Driller A - Fushigi na Pacteria (KOR),Mr. Driller A - Fushigi na Pacteria (KOR).png,Mr. Driller A - Fushigi na Pacteria (KOR).png,100.0
Nintendo Game Boy Advance,Ms. Pac-Man - Maze Madness (USA),Ms. Pac-Man - Maze Madness (USA).png,Ms. Pac-Man - Maze Madness (USA).png,100.0
Nintendo Game Boy Advance,"Mucha Lucha! - Mascaritas of the Lost Code (USA) (En,Fr,Es)","Mucha Lucha! - Mascaritas of the Lost Code (USA) (En,Fr,Es).jpg","Mucha Lucha! - Mascaritas of the Lost Code (USA) (En,Fr,Es).jpg",100.0
Nintendo Game Boy Advance,"Mummy, The (USA) (En,Fr,De,Es,It)","Mummy, The (USA) (En,Fr,De,Es,It).jpg","Mummy, The (USA) (En,Fr,De,Es,It).jpg",100.0
Nintendo Game Boy Advance,Muppet Pinball Mayhem (USA),Muppet Pinball Mayhem (USA).jpg,Muppet Pinball Mayhem (USA).jpg,100.0
Nintendo Game Boy Advance,"Muppets, The - On with the Show! (USA, Europe) (En,Fr,De,Es,It,Nl)","Muppets, The - On with the Show! (USA, Europe) (En,Fr,De,Es,It,Nl).jpg","Muppets, The - On with the Show! (USA, Europe) (En,Fr,De,Es,It,Nl).jpg",100.0
Nintendo Game Boy Advance,"MX 2002 featuring Ricky Carmichael (USA, Europe)","MX 2002 featuring Ricky Carmichael (USA, Europe).jpg","MX 2002 featuring Ricky Carmichael (USA, Europe).jpg",100.0
Nintendo Game Boy Advance,My Little Pony - Crystal Princess - The Runaway Rainbow (USA),My Little Pony - Crystal Princess - The Runaway Rainbow (USA).jpg,My Little Pony - Crystal Princess - The Runaway Rainbow (USA).jpg,100.0
Nintendo Game Boy Advance,Namco Museum (USA),Namco Museum (USA).jpg,Namco Museum (USA).jpg,100.0
Nintendo Game Boy Advance,Namco Museum - 50th Anniversary (USA),Namco Museum - 50th Anniversary (USA).png,Namco Museum - 50th Anniversary (USA).png,100.0
Nintendo Game Boy Advance,Naruto - Ninja Council (USA),Naruto - Ninja Council (USA).jpg,Naruto - Ninja Council (USA).jpg,100.0
Nintendo Game Boy Advance,Naruto - Ninja Council 2 (USA),Naruto - Ninja Council 2 (USA).png,Naruto - Ninja Council 2 (USA).png,100.0
Nintendo Game Boy Advance,Naruto - Saikyou Ninja Daikessyu 2 (KOR),Naruto - Saikyou Ninja Daikessyu 2 (KOR).jpg,Naruto - Saikyou Ninja Daikessyu 2 (KOR).jpg,100.0
Nintendo Game Boy Advance,NASCAR Heat 2002 (USA),NASCAR Heat 2002 (USA).jpg,NASCAR Heat 2002 (USA).jpg,100.0
Nintendo Game Boy Advance,"NBA Jam 2002 (USA, Europe)","NBA Jam 2002 (USA, Europe).jpg","NBA Jam 2002 (USA, Europe).jpg",100.0
Nintendo Game Boy Advance,"Need for Speed - Most Wanted (USA, Europe) (En,Fr,De,It)","Need for Speed - Most Wanted (USA, Europe) (En,Fr,De,It).png","Need for Speed - Most Wanted (USA, Europe) (En,Fr,De,It).png",100.0
Nintendo Game Boy Advance,Need for Speed - Porsche Unleashed (USA),Need for Speed - Porsche Unleashed (USA).jpg,Need for Speed - Porsche Unleashed (USA).jpg,100.0
Nintendo Game Boy Advance,"Need for Speed - Underground (USA, Europe) (En,Fr,De,It)","Need for Speed - Underground (USA, Europe) (En,Fr,De,It).jpg","Need for Speed - Underground (USA, Europe) (En,Fr,De,It).jpg",100.0
Nintendo Game Boy Advance,"Need for Speed - Underground 2 (USA, Europe) (En,Fr,De,It)","Need for Speed - Underground 2 (USA, Europe) (En,Fr,De,It).png","Need for Speed - Underground 2 (USA, Europe) (En,Fr,De,It).png",100.0
Nintendo Game Boy Advance,"Need for Speed Carbon - Own the City (USA, Europe) (En,Fr,De,Es,It)","Need for Speed Carbon - Own the City (USA, Europe) (En,Fr,De,Es,It).jpg","Need for Speed Carbon - Own the City (USA, Europe) (En,Fr,De,Es,It).jpg",100.0
Nintendo Game Boy Advance,"Next Generation Tennis (Europe) (En,Fr,De,Es,It,Pt)","Next Generation Tennis (Europe) (En,Fr,De,Es,It,Pt).jpg","Next Generation Tennis (Europe) (En,Fr,De,Es,It,Pt).jpg",100.0
Nintendo Game Boy Advance,NFL Blitz 20-02 (USA),NFL Blitz 20-02 (USA).jpg,NFL Blitz 20-02 (USA).jpg,100.0
Nintendo Game Boy Advance,NFL Blitz 20-03 (USA),NFL Blitz 20-03 (USA).jpg,NFL Blitz 20-03 (USA).jpg,100.0
Nintendo Game Boy Advance,NHL 2002 (USA),NHL 2002 (USA).jpg,NHL 2002 (USA).jpg,100.0
Nintendo Game Boy Advance,NHL Hitz 20-03 (USA),NHL Hitz 20-03 (USA).jpg,NHL Hitz 20-03 (USA).jpg,100.0
Nintendo Game Boy Advance,Nicktoons - Attack of the Toybots (USA),Nicktoons - Attack of the Toybots (USA).jpg,Nicktoons - Attack of the Toybots (USA).jpg,100.0
Nintendo Game Boy Advance,Nicktoons - Battle for Volcano Island (USA),Nicktoons - Battle for Volcano Island (USA).jpg,Nicktoons - Battle for Volcano Island (USA).jpg,100.0
Nintendo Game Boy Advance,Nicktoons - Freeze Frame Frenzy (USA),Nicktoons - Freeze Frame Frenzy (USA).png,Nicktoons - Freeze Frame Frenzy (USA).png,100.0
Nintendo Game Boy Advance,Nicktoons Racing (USA),Nicktoons Racing (USA).png,Nicktoons Racing (USA).png,100.0
Nintendo Game Boy Advance,Nicktoons Unite! (USA),Nicktoons Unite! (USA).png,Nicktoons Unite! (USA).png,100.0
Nintendo Game Boy Advance,Ninja Five-0 (USA),Ninja Five-0 (USA).png,Ninja Five-0 (USA).png,100.0
Nintendo Game Boy Advance,"No Rules - Get Phat (USA, Europe) (En,Fr,De,Es,It,Nl)","No Rules - Get Phat (USA, Europe) (En,Fr,De,Es,It,Nl).jpg","No Rules - Get Phat (USA, Europe) (En,Fr,De,Es,It,Nl).jpg",100.0
Nintendo Game Boy Advance,"Noddy - A Day in Toyland (USA) (En,Fr,Es)","Noddy - A Day in Toyland (USA) (En,Fr,Es).png","Noddy - A Day in Toyland (USA) (En,Fr,Es).png",100.0
Nintendo Game Boy Advance,"Oddworld - Munch's Oddysee (USA, Europe)","Oddworld - Munch's Oddysee (USA, Europe).jpg","Oddworld - Munch's Oddysee (USA, Europe).jpg",100.0
Nintendo Game Boy Advance,One Piece (USA),One Piece (USA).png,One Piece (USA).png,100.0
Nintendo Game Boy Advance,One Piece Going Baseball (KOR),One Piece Going Baseball (KOR).png,One Piece Going Baseball (KOR).png,100.0
Nintendo Game Boy Advance,Onimusha Tactics (KOR),Onimusha Tactics (KOR).png,Onimusha Tactics (KOR).png,100.0
Nintendo Game Boy Advance,"Open Season (USA) (En,Fr,Es)","Open Season (USA) (En,Fr,Es).jpg","Open Season (USA) (En,Fr,Es).jpg",100.0
Nintendo Game Boy Advance,Operation Armored Liberty (USA),Operation Armored Liberty (USA).jpg,Operation Armored Liberty (USA).jpg,100.0
Nintendo Game Boy Advance,Over the Hedge (USA),Over the Hedge (USA).jpg,Over the Hedge (USA).jpg,100.0
Nintendo Game Boy Advance,Over the Hedge - Hammy Goes Nuts! (USA),Over the Hedge - Hammy Goes Nuts! (USA).png,Over the Hedge - Hammy Goes Nuts! (USA).png,100.0
Nintendo Game Boy Advance,Ozzy & Drix (USA),Ozzy & Drix (USA).jpg,Ozzy & Drix (USA).jpg,100.0
Nintendo Game Boy Advance,Pac-Man Collection (USA),Pac-Man Collection (USA).png,Pac-Man Collection (USA).png,100.0
Nintendo Game Boy Advance,Pac-Man Pinball Advance (USA),Pac-Man Pinball Advance (USA).jpg,Pac-Man Pinball Advance (USA).jpg,100.0
Nintendo Game Boy Advance,Pac-Man World (USA),Pac-Man World (USA).jpg,Pac-Man World (USA).jpg,100.0
Nintendo Game Boy Advance,Pac-Man World 2 (USA),Pac-Man World 2 (USA).png,Pac-Man World 2 (USA).png,100.0
Nintendo Game Boy Advance,Paws & Claws - Best Friends - Dogs & Cats (USA),Paws & Claws - Best Friends - Dogs & Cats (USA).png,Paws & Claws - Best Friends - Dogs & Cats (USA).png,100.0
Nintendo Game Boy Advance,Paws & Claws - Pet Resort (USA),Paws & Claws - Pet Resort (USA).jpg,Paws & Claws - Pet Resort (USA).jpg,100.0
Nintendo Game Boy Advance,"Payback (Europe) (En,Fr,De,Es,It)","Payback (Europe) (En,Fr,De,Es,It).jpg","Payback (Europe) (En,Fr,De,Es,It).jpg",100.0
Nintendo Game Boy Advance,Penny Racers (Europe),Penny Racers (Europe).jpg,Penny Racers (Europe).jpg,100.0
Nintendo Game Boy Advance,Peter Pan - Return to Neverland (USA),Peter Pan - Return to Neverland (USA).png,Peter Pan - Return to Neverland (USA).png,100.0
Nintendo Game Boy Advance,Peter Pan - The Motion Picture Event (USA),Peter Pan - The Motion Picture Event (USA).jpg,Peter Pan - The Motion Picture Event (USA).jpg,100.0
Nintendo Game Boy Advance,Petz - Hamsterz Life 2 (USA),Petz - Hamsterz Life 2 (USA).png,Petz - Hamsterz Life 2 (USA).png,100.0
Nintendo Game Boy Advance,Petz Vet (USA),Petz Vet (USA).jpg,Petz Vet (USA).jpg,100.0
Nintendo Game Boy Advance,Phalanx (USA),Phantasy Star Collection (USA).jpg,Phalanx (USA).jpg,65.45454545454547
Nintendo Game Boy Advance,Phil of the Future (USA),Phil of the Future (USA).jpg,Phil of the Future (USA).jpg,100.0
Nintendo Game Boy Advance,Piglet's Big Game (USA),Piglet's Big Game (USA).jpg,Piglet's Big Game (USA).jpg,100.0
Nintendo Game Boy Advance,"Pinball Advance (Europe) (En,Fr,De,Es,It)","Pinball Advance (Europe) (En,Fr,De,Es,It).png","Pinball Advance (Europe) (En,Fr,De,Es,It).png",100.0
Nintendo Game Boy Advance,Pinball Challenge Deluxe (Europe),Pinball Challenge Deluxe (Europe).jpg,Pinball Challenge Deluxe (Europe).jpg,100.0
Nintendo Game Boy Advance,"Pinball of the Dead, The (USA)","Pinball of the Dead, The (USA).png","Pinball of the Dead, The (USA).png",100.0
Nintendo Game Boy Advance,Pinball Tycoon (USA),Pinball Tycoon (USA).png,Pinball Tycoon (USA).png,100.0
Nintendo Game Boy Advance,Pink Panther - Pinkadelic Pursuit (USA),Pink Panther - Pinkadelic Pursuit (USA).jpg,Pink Panther - Pinkadelic Pursuit (USA).jpg,100.0
Nintendo Game Boy Advance,"Pinky and the Brain - The Masterplan (Europe) (En,Fr,De,Es,It)","Pinky and the Brain - The Masterplan (Europe) (En,Fr,De,Es,It).jpg","Pinky and the Brain - The Masterplan (Europe) (En,Fr,De,Es,It).jpg",100.0
Nintendo Game Boy Advance,"Pinobee - Wings of Adventure (USA, Europe)","Pinobee - Wings of Adventure (USA, Europe).jpg","Pinobee - Wings of Adventure (USA, Europe).jpg",100.0
Nintendo Game Boy Advance,"Pippa Funnell - Stable Adventure (Europe) (En,Fr)","Pippa Funnell 2 (Europe) (En,Fr).png","Pippa Funnell - Stable Adventure (Europe) (En,Fr).png",86.89655172413794
Nintendo Game Boy Advance,"Pirates of the Caribbean - Dead Man's Chest (USA, Europe) (En,Fr,De,Es,It)","Pirates of the Caribbean - Dead Man's Chest (USA, Europe) (En,Fr,De,Es,It).jpg","Pirates of the Caribbean - Dead Man's Chest (USA, Europe) (En,Fr,De,Es,It).jpg",100.0
Nintendo Game Boy Advance,"Pirates of the Caribbean - The Curse of the Black Pearl (USA) (En,Fr,De,Es,It)","Pirates of the Caribbean - The Curse of the Black Pearl (USA) (En,Fr,De,Es,It).jpg","Pirates of the Caribbean - The Curse of the Black Pearl (USA) (En,Fr,De,Es,It).jpg",100.0
Nintendo Game Boy Advance,Pitfall - The Lost Expedition (USA),Pitfall - The Lost Expedition (USA).jpg,Pitfall - The Lost Expedition (USA).jpg,100.0
Nintendo Game Boy Advance,"Pitfall - The Mayan Adventure (USA, Europe)","Pitfall - The Mayan Adventure (USA, Europe).jpg","Pitfall - The Mayan Adventure (USA, Europe).jpg",100.0
Nintendo Game Boy Advance,"Planet Monsters (USA) (En,Fr,De,Es,It,Nl)","Planet Monsters (USA) (En,Fr,De,Es,It,Nl).png","Planet Monsters (USA) (En,Fr,De,Es,It,Nl).png",100.0
Nintendo Game Boy Advance,"Planet of the Apes (USA) (En,Fr,De,Es,It,Nl)","Planet of the Apes (USA) (En,Fr,De,Es,It,Nl).png","Planet of the Apes (USA) (En,Fr,De,Es,It,Nl).png",100.0
Nintendo Game Boy Advance,Pocket Dogs (USA),Pocket Dogs (USA).jpg,Pocket Dogs (USA).jpg,100.0
Nintendo Game Boy Advance,"Pocket Music (Europe) (En,Fr,De,Es,It)","Pocket Music (Europe) (En,Fr,De,Es,It).jpg","Pocket Music (Europe) (En,Fr,De,Es,It).jpg",100.0
Nintendo Game Boy Advance,Pocket Professor - Kwik Notes - Vol. 1 (USA),Pocket Professor - Kwik Notes - Vol. 1 (USA).png,Pocket Professor - Kwik Notes - Vol. 1 (USA).png,100.0
Nintendo Game Boy Advance,Pocky & Rocky with Becky (USA),Pocky & Rocky with Becky (USA).jpg,Pocky & Rocky with Becky (USA).jpg,100.0
Nintendo Game Boy Advance,Pokemon - Emerald (KOR),Pokemon - Emerald (KOR) (1).png,Pokemon - Emerald (KOR).png,100.0
Nintendo Game Boy Advance,"Pokemon - Fire Red Version (USA, Europe) (Rev 1)","Pokemon - Fire Red Version (USA, Europe) (Rev 1).png","Pokemon - Fire Red Version (USA, Europe) (Rev 1).png",100.0
Nintendo Game Boy Advance,Pokemon - Leaf Green (KOR),Pokemon - Leaf Green Version (USA).png,Pokemon - Leaf Green (KOR).png,95.0
Nintendo Game Boy Advance,Pokemon - Ruby (KOR),Pokemon - Ruby (KOR).png,Pokemon - Ruby (KOR).png,100.0
Nintendo Game Boy Advance,"Pokemon - Ruby Version (USA, Europe) (Rev 2)","Pokemon - Ruby Version (USA, Europe) (Rev 2).png","Pokemon - Ruby Version (USA, Europe) (Rev 2).png",100.0
Nintendo Game Boy Advance,Pokemon - Sapphire (KOR),Pokemon - Sapphire (KOR).png,Pokemon - Sapphire (KOR).png,100.0
Nintendo Game Boy Advance,"Pokemon - Sapphire Version (USA, Europe) (Rev 2)","Pokemon - Sapphire Version (USA, Europe) (Rev 2).png","Pokemon - Sapphire Version (USA, Europe) (Rev 2).png",100.0
Nintendo Game Boy Advance,"Pokemon Mystery Dungeon - Red Rescue Team (USA, Australia)","Pokemon Mystery Dungeon - Red Rescue Team (USA, Australia).png","Pokemon Mystery Dungeon - Red Rescue Team (USA, Australia).png",100.0
Nintendo Game Boy Advance,Pokemon Pinball - Ruby & Sapphire (USA),Pokemon Pinball - Ruby & Sapphire (USA).png,Pokemon Pinball - Ruby & Sapphire (USA).png,100.0
Nintendo Game Boy Advance,"Polar Express, The (USA, Europe) (En,Fr,De,Es,It)","Polar Express, The (USA, Europe) (En,Fr,De,Es,It).jpg","Polar Express, The (USA, Europe) (En,Fr,De,Es,It).jpg",100.0
Nintendo Game Boy Advance,Polarium Advance (USA),Polarium Advance (USA).png,Polarium Advance (USA).png,100.0
Nintendo Game Boy Advance,Polly Pocket! - Super Splash Island (USA) (Vivendi),Polly Pocket! - Super Splash Island (USA) (Vivendi).png,Polly Pocket! - Super Splash Island (USA) (Vivendi).png,100.0
Nintendo Game Boy Advance,"Popeye - Rush for Spinach (USA, Europe) (En,Fr,De,Es,It)","Popeye - Rush for Spinach (USA, Europe) (En,Fr,De,Es,It).jpg","Popeye - Rush for Spinach (USA, Europe) (En,Fr,De,Es,It).jpg",100.0
Nintendo Game Boy Advance,"Power Rangers - Dino Thunder (USA, Europe)","Power Rangers - Dino Thunder (USA, Europe).jpg","Power Rangers - Dino Thunder (USA, Europe).jpg",100.0
Nintendo Game Boy Advance,Power Rangers - Ninja Storm (USA),Power Rangers - Ninja Storm (USA).png,Power Rangers - Ninja Storm (USA).png,100.0
Nintendo Game Boy Advance,"Power Rangers - Time Force (USA, Europe)","Power Rangers - Time Force (USA, Europe).jpg","Power Rangers - Time Force (USA, Europe).jpg",100.0
Nintendo Game Boy Advance,"Power Rangers - Wild Force (USA, Europe)","Power Rangers - Wild Force (USA, Europe).jpg","Power Rangers - Wild Force (USA, Europe).jpg",100.0
Nintendo Game Boy Advance,"Power Rangers S.P.D. (USA, Europe)","Power Rangers S.P.D. (USA, Europe).jpg","Power Rangers S.P.D. (USA, Europe).jpg",100.0
Nintendo Game Boy Advance,"Powerpuff Girls, The - Him and Seek (USA)","Powerpuff Girls, The - Him and Seek (USA).jpg","Powerpuff Girls, The - Him and Seek (USA).jpg",100.0
Nintendo Game Boy Advance,"Powerpuff Girls, The - Mojo Jojo A-Go-Go (USA) (En,Fr,De,Es,It,Nl)","Powerpuff Girls, The - Mojo Jojo A-Go-Go (USA) (En,Fr,De,Es,It,Nl).jpg","Powerpuff Girls, The - Mojo Jojo A-Go-Go (USA) (En,Fr,De,Es,It,Nl).jpg",100.0
Nintendo Game Boy Advance,"Prehistorik Man (USA, Europe) (En,Fr,De,Es,It,Nl)","Prehistorik Man (USA, Europe) (En,Fr,De,Es,It,Nl).jpg","Prehistorik Man (USA, Europe) (En,Fr,De,Es,It,Nl).jpg",100.0
Nintendo Game Boy Advance,"Premier Action Soccer (Europe) (En,Fr,De,Es,It)","Premier Action Soccer (Europe) (En,Fr,De,Es,It).jpg","Premier Action Soccer (Europe) (En,Fr,De,Es,It).jpg",100.0
Nintendo Game Boy Advance,"Premier Manager 2003-04 (Europe) (En,Fr,De,It)","Premier Manager 2003-04 (Europe) (En,Fr,De,It).jpg","Premier Manager 2003-04 (Europe) (En,Fr,De,It).jpg",100.0
Nintendo Game Boy Advance,"Premier Manager 2004-2005 (Europe) (En,Fr,De,It)","Premier Manager 2004-2005 (Europe) (En,Fr,De,It).jpg","Premier Manager 2004-2005 (Europe) (En,Fr,De,It).jpg",100.0
Nintendo Game Boy Advance,"Premier Manager 2005-2006 (Europe) (En,Fr,De,It)","Premier Manager 2005-2006 (Europe) (En,Fr,De,It).png","Premier Manager 2005-2006 (Europe) (En,Fr,De,It).png",100.0
Nintendo Game Boy Advance,"Prince of Persia - The Sands of Time & Lara Croft Tomb Raider - The Prophecy (Europe) (En,Fr,De,Es,It,Nl+En,Fr,De,Es,It)","Prince of Persia - The Sands of Time & Lara Croft Tomb Raider - The Prophecy (Europe) (En,Fr,De,Es,It,Nl+En,Fr,De,Es,It).jpg","Prince of Persia - The Sands of Time & Lara Croft Tomb Raider - The Prophecy (Europe) (En,Fr,De,Es,It,Nl+En,Fr,De,Es,It).jpg",100.0
Nintendo Game Boy Advance,"Prince of Persia - The Sands of Time (USA) (En,Fr,Es)","Prince of Persia - The Sands of Time (USA) (En,Fr,Es).png","Prince of Persia - The Sands of Time (USA) (En,Fr,Es).png",100.0
Nintendo Game Boy Advance,"Princess Natasha - Student, Secret Agent, Princess (USA)","Princess Natasha - Student, Secret Agent, Princess (USA).jpg","Princess Natasha - Student, Secret Agent, Princess (USA).jpg",100.0
Nintendo Game Boy Advance,"Proud Family, The (USA)","Proud Family, The (USA).png","Proud Family, The (USA).png",100.0
Nintendo Game Boy Advance,Punch King - Arcade Boxing (USA),Punch King - Arcade Boxing (USA).png,Punch King - Arcade Boxing (USA).png,100.0
Nintendo Game Boy Advance,"Puyo Pop (USA) (En,Ja)","Puyo Pop (USA) (En,Ja).jpg","Puyo Pop (USA) (En,Ja).jpg",100.0
Nintendo Game Boy Advance,"Puyo Pop Fever (Europe) (En,Fr,De,Es,It)","Puyo Pop Fever (Europe) (En,Fr,De,Es,It).png","Puyo Pop Fever (Europe) (En,Fr,De,Es,It).png",100.0
Nintendo Game Boy Advance,"Quad Desert Fury (USA, Europe)","Quad Desert Fury (USA, Europe).png","Quad Desert Fury (USA, Europe).png",100.0
Nintendo Game Boy Advance,R-Type III - The Third Lightning (USA),R-Type III - The Third Lightning (USA).png,R-Type III - The Third Lightning (USA).png,100.0
Nintendo Game Boy Advance,"Racing Fever (Europe) (En,De,Es,It)","Racing Fever (Europe) (En,De,Es,It).jpg","Racing Fever (Europe) (En,De,Es,It).jpg",100.0
Nintendo Game Boy Advance,Racing Gears Advance (USA),Racing Gears Advance (USA).png,Racing Gears Advance (USA).png,100.0
Nintendo Game Boy Advance,"Rampage - Puzzle Attack (USA, Europe)","Rampage - Puzzle Attack (USA, Europe).jpg","Rampage - Puzzle Attack (USA, Europe).jpg",100.0
Nintendo Game Boy Advance,"Rapala Pro Fishing (USA, Europe)","Rapala Pro Fishing (USA, Europe).jpg","Rapala Pro Fishing (USA, Europe).jpg",100.0
Nintendo Game Boy Advance,Ratatouille (USA),Ratatouille (USA).jpg,Ratatouille (USA).jpg,100.0
Nintendo Game Boy Advance,Rave Master - Special Attack Force! (USA),Rave Master - Special Attack Force! (USA).png,Rave Master - Special Attack Force! (USA).png,100.0
Nintendo Game Boy Advance,"Rayman - 10th Anniversary (USA) (En,Fr,De,Es,It)","Rayman - 10th Anniversary (USA) (En,Fr,De,Es,It).jpg","Rayman - 10th Anniversary (USA) (En,Fr,De,Es,It).jpg",100.0
Nintendo Game Boy Advance,"Rayman - Hoodlum's Revenge (USA) (En,Fr,Es)","Rayman - Hoodlum's Revenge (USA) (En,Fr,Es).jpg","Rayman - Hoodlum's Revenge (USA) (En,Fr,Es).jpg",100.0
Nintendo Game Boy Advance,"Rayman - Raving Rabbids (USA) (En,Fr,Es)","Rayman - Raving Rabbids (USA) (En,Fr,Es).png","Rayman - Raving Rabbids (USA) (En,Fr,Es).png",100.0
Nintendo Game Boy Advance,"Rayman 3 (USA) (En,Fr,Es)","Rayman 3 (USA) (En,Fr,Es).png","Rayman 3 (USA) (En,Fr,Es).png",100.0
Nintendo Game Boy Advance,"Rayman Advance (USA) (En,Fr,De,Es,It)","Rayman Advance (USA) (En,Fr,De,Es,It).png","Rayman Advance (USA) (En,Fr,De,Es,It).png",100.0
Nintendo Game Boy Advance,Razor Freestyle Scooter (USA),Razor Freestyle Scooter (USA).jpg,Razor Freestyle Scooter (USA).jpg,100.0
Nintendo Game Boy Advance,Ready 2 Rumble Boxing - Round 2 (USA),Ready 2 Rumble Boxing - Round 2 (USA).jpg,Ready 2 Rumble Boxing - Round 2 (USA).jpg,100.0
Nintendo Game Boy Advance,Rebelstar - Tactical Command (USA),"Star X (USA) (En,Fr,De,Es,It,Nl).jpg",Rebelstar - Tactical Command (USA).jpg,75.00000000000001
Nintendo Game Boy Advance,"Reign of Fire (USA) (En,Fr,De,Es,It)","Reign of Fire (USA) (En,Fr,De,Es,It).jpg","Reign of Fire (USA) (En,Fr,De,Es,It).jpg",100.0
Nintendo Game Boy Advance,Rescue Heroes - Billy Blazes! (USA),Rescue Heroes - Billy Blazes! (USA).jpg,Rescue Heroes - Billy Blazes! (USA).jpg,100.0
Nintendo Game Boy Advance,"Revenge of Shinobi, The (USA)","Revenge of Shinobi, The (USA).jpg","Revenge of Shinobi, The (USA).jpg",100.0
Nintendo Game Boy Advance,"Ripping Friends, The (USA, Europe)","Ripping Friends, The (USA, Europe).jpg","Ripping Friends, The (USA, Europe).jpg",100.0
Nintendo Game Boy Advance,Road Rash - Jailbreak (USA),Road Rash - Jailbreak (USA).jpg,Road Rash - Jailbreak (USA).jpg,100.0
Nintendo Game Boy Advance,Robopon 2 - Cross Version (USA),Robopon 2 - Cross Version (USA).jpg,Robopon 2 - Cross Version (USA).jpg,100.0
Nintendo Game Boy Advance,Robopon 2 - Ring Version (USA),Robopon 2 - Ring Version (USA).jpg,Robopon 2 - Ring Version (USA).jpg,100.0
Nintendo Game Boy Advance,Robot Wars - Advanced Destruction (USA),Robot Wars - Advanced Destruction (USA).jpg,Robot Wars - Advanced Destruction (USA).jpg,100.0
Nintendo Game Boy Advance,"Robot Wars - Extreme Destruction (Europe) (En,Fr,De,Es,It,Nl)","Robot Wars - Extreme Destruction (Europe) (En,Fr,De,Es,It,Nl).jpg","Robot Wars - Extreme Destruction (Europe) (En,Fr,De,Es,It,Nl).jpg",100.0
Nintendo Game Boy Advance,"Robotech - The Macross Saga (USA, Europe) (En,Fr,De,Es,It,Nl)","Robotech - The Macross Saga (USA, Europe) (En,Fr,De,Es,It,Nl).png","Robotech - The Macross Saga (USA, Europe) (En,Fr,De,Es,It,Nl).png",100.0
Nintendo Game Boy Advance,Robots (USA),Robots (USA).jpg,Robots (USA).jpg,100.0
Nintendo Game Boy Advance,Rock n' Roll Racing (USA),Rock n' Roll Racing (USA).jpg,Rock n' Roll Racing (USA).jpg,100.0
Nintendo Game Boy Advance,Rock'em Sock'em Robots (USA),Rock'em Sock'em Robots (USA).jpg,Rock'em Sock'em Robots (USA).jpg,100.0
Nintendo Game Boy Advance,"Rocket Power - Beach Bandits (USA, Europe)","Rocket Power - Beach Bandits (USA, Europe).jpg","Rocket Power - Beach Bandits (USA, Europe).jpg",100.0
Nintendo Game Boy Advance,"Rocket Power - Dream Scheme (USA, Europe)","Rocket Power - Dream Scheme (USA, Europe).jpg","Rocket Power - Dream Scheme (USA, Europe).jpg",100.0
Nintendo Game Boy Advance,Rocket Power - Zero Gravity Zone (USA),Rocket Power - Zero Gravity Zone (USA).jpg,Rocket Power - Zero Gravity Zone (USA).jpg,100.0
Nintendo Game Boy Advance,Rockman Zero 1 (KOR),Rockman Zero 1 (KOR).png,Rockman Zero 1 (KOR).png,100.0
Nintendo Game Boy Advance,Rockman Zero 2 (KOR),Rockman Zero 2 (KOR).png,Rockman Zero 2 (KOR).png,100.0
Nintendo Game Boy Advance,"Rocky (USA) (En,Fr,De,Es,It)","Rocky (USA) (En,Fr,De,Es,It).jpg","Rocky (USA) (En,Fr,De,Es,It).jpg",100.0
Nintendo Game Boy Advance,"Rugrats - Castle Capers (USA, Europe)","Rugrats - Castle Capers (USA, Europe).jpg","Rugrats - Castle Capers (USA, Europe).jpg",100.0
Nintendo Game Boy Advance,"Rugrats - Go Wild (USA, Europe)","Rugrats - Go Wild (USA, Europe).png","Rugrats - Go Wild (USA, Europe).png",100.0
Nintendo Game Boy Advance,"Rugrats - I Gotta Go Party (USA, Europe)","Rugrats - I Gotta Go Party (USA, Europe).png","Rugrats - I Gotta Go Party (USA, Europe).png",100.0
Nintendo Game Boy Advance,"Sabrina - The Teenage Witch - Potion Commotion (USA) (En,Fr,Es)","Sabrina - The Teenage Witch - Potion Commotion (USA) (En,Fr,Es).jpg","Sabrina - The Teenage Witch - Potion Commotion (USA) (En,Fr,Es).jpg",100.0
Nintendo Game Boy Advance,"Salt Lake 2002 (USA) (En,Fr,De,Es,It,Nl)","Salt Lake 2002 (USA) (En,Fr,De,Es,It,Nl).jpg","Salt Lake 2002 (USA) (En,Fr,De,Es,It,Nl).jpg",100.0
Nintendo Game Boy Advance,Samurai Deeper Kyo (USA),Samurai Deeper Kyo (USA).jpg,Samurai Deeper Kyo (USA).jpg,100.0
Nintendo Game Boy Advance,"Samurai Jack - The Amulet of Time (USA, Europe)","Samurai Jack - The Amulet of Time (USA, Europe).jpg","Samurai Jack - The Amulet of Time (USA, Europe).jpg",100.0
Nintendo Game Boy Advance,Santa Claus Jr. Advance (Europe),Santa Claus Jr. Advance (Europe).jpg,Santa Claus Jr. Advance (Europe).jpg,100.0
Nintendo Game Boy Advance,Santa Claus Saves the Earth (Europe),Santa Claus Saves the Earth (Europe).png,Santa Claus Saves the Earth (Europe).png,100.0
Nintendo Game Boy Advance,"Santa Clause 3, The - The Escape Clause (USA)","Santa Clause 3, The - The Escape Clause (USA).png","Santa Clause 3, The - The Escape Clause (USA).png",100.0
Nintendo Game Boy Advance,Scooby-Doo (USA),Scooby-Doo (USA).png,Scooby-Doo (USA).png,100.0
Nintendo Game Boy Advance,"Scooby-Doo 2 - Monsters Unleashed (USA, Europe)","Scooby-Doo 2 - Monsters Unleashed (USA, Europe).png","Scooby-Doo 2 - Monsters Unleashed (USA, Europe).png",100.0
Nintendo Game Boy Advance,"Scooby-Doo and the Cyber Chase (USA, Europe)","Scooby-Doo and the Cyber Chase (USA, Europe).jpg","Scooby-Doo and the Cyber Chase (USA, Europe).jpg",100.0
Nintendo Game Boy Advance,"Scooby-Doo! - Mystery Mayhem (USA) (En,Fr)","Scooby-Doo! - Mystery Mayhem (USA) (En,Fr).jpg","Scooby-Doo! - Mystery Mayhem (USA) (En,Fr).jpg",100.0
Nintendo Game Boy Advance,"Scooby-Doo! - Unmasked (USA) (En,Fr)","Scooby-Doo! - Unmasked (USA) (En,Fr).jpg","Scooby-Doo! - Unmasked (USA) (En,Fr).jpg",100.0
Nintendo Game Boy Advance,"Scorpion King, The - Sword of Osiris (USA)","Scorpion King, The - Sword of Osiris (USA).png","Scorpion King, The - Sword of Osiris (USA).png",100.0
Nintendo Game Boy Advance,Scrabble Blast! (USA),Scrabble Blast! (USA).png,Scrabble Blast! (USA).png,100.0
Nintendo Game Boy Advance,SD Gundam Force (USA),SD Gundam Force (USA).jpg,SD Gundam Force (USA).jpg,100.0
Nintendo Game Boy Advance,SD Gundam G - Generation Advance (KOR),SD Gundam G - Generation Advance (KOR).png,SD Gundam G - Generation Advance (KOR).png,100.0
Nintendo Game Boy Advance,Sea Trader - Rise of Taipan (USA),Sea Trader - Rise of Taipan (USA).jpg,Sea Trader - Rise of Taipan (USA).jpg,100.0
Nintendo Game Boy Advance,Secret Agent Barbie - Royal Jewels Mission (USA),Secret Agent Barbie - Royal Jewels Mission (USA).jpg,Secret Agent Barbie - Royal Jewels Mission (USA).jpg,100.0
Nintendo Game Boy Advance,Sega Arcade Gallery (USA),Sega Arcade Gallery (USA).jpg,Sega Arcade Gallery (USA).jpg,100.0
Nintendo Game Boy Advance,Sega Rally Championship (USA),Sega Rally Championship (USA).jpg,Sega Rally Championship (USA).jpg,100.0
Nintendo Game Boy Advance,Sega Smash Pack (USA),Sega Smash Pack (USA).jpg,Sega Smash Pack (USA).jpg,100.0
Nintendo Game Boy Advance,"Serious Sam Advance (USA) (En,Fr,De)","Serious Sam Advance (USA) (En,Fr,De).png","Serious Sam Advance (USA) (En,Fr,De).png",100.0
Nintendo Game Boy Advance,Shaman King - Legacy of the Spirits - Soaring Hawk (USA),Shaman King - Legacy of the Spirits - Soaring Hawk (USA).png,Shaman King - Legacy of the Spirits - Soaring Hawk (USA).png,100.0
Nintendo Game Boy Advance,Shaman King - Legacy of the Spirits - Sprinting Wolf (USA),Shaman King - Legacy of the Spirits - Sprinting Wolf (USA).png,Shaman King - Legacy of the Spirits - Sprinting Wolf (USA).png,100.0
Nintendo Game Boy Advance,Shaman King - Master of Spirits (USA),Shaman King - Master of Spirits (USA).jpg,Shaman King - Master of Spirits (USA).jpg,100.0
Nintendo Game Boy Advance,Shaman King - Master of Spirits 2 (USA),Shaman King - Master of Spirits 2 (USA).jpg,Shaman King - Master of Spirits 2 (USA).jpg,100.0
Nintendo Game Boy Advance,Shamu's Deep Sea Adventures (USA),Shamu's Deep Sea Adventures (USA).jpg,Shamu's Deep Sea Adventures (USA).jpg,100.0
Nintendo Game Boy Advance,"Shark Tale (USA, Europe)","Shark Tale (USA, Europe) (1).png","Shark Tale (USA, Europe).png",100.0
Nintendo Game Boy Advance,"Shaun Palmer's Pro Snowboarder (USA, Europe)","Shaun Palmer's Pro Snowboarder (USA, Europe).jpg","Shaun Palmer's Pro Snowboarder (USA, Europe).jpg",100.0
Nintendo Game Boy Advance,"Sheep (Europe) (En,Fr,De,Es,It)","Sheep (Europe) (En,Fr,De,Es,It).jpg","Sheep (Europe) (En,Fr,De,Es,It).jpg",100.0
Nintendo Game Boy Advance,Shin Megami Tensei (KOR),Shin Megami Tensei (KOR).jpg,Shin Megami Tensei (KOR).jpg,100.0
Nintendo Game Boy Advance,Shining Force - Resurrection of the Dark Dragon (USA),Shining Force - Resurrection of the Dark Dragon (USA).png,Shining Force - Resurrection of the Dark Dragon (USA).png,100.0
Nintendo Game Boy Advance,Shinyaku Seiken Densetsu (KOR),Shinyaku Seiken Densetsu (KOR).png,Shinyaku Seiken Densetsu (KOR).png,100.0
Nintendo Game Boy Advance,"Shrek - Hassle at the Castle (USA) (En,Fr,De,Es,It,Nl)","Shrek - Hassle at the Castle (USA) (En,Fr,De,Es,It,Nl).jpg","Shrek - Hassle at the Castle (USA) (En,Fr,De,Es,It,Nl).jpg",100.0
Nintendo Game Boy Advance,"Shrek - Reekin' Havoc (USA) (En,Fr,De,Es,It,Nl)","Shrek - Reekin' Havoc (USA) (En,Fr,De,Es,It,Nl).jpg","Shrek - Reekin' Havoc (USA) (En,Fr,De,Es,It,Nl).jpg",100.0
Nintendo Game Boy Advance,Shrek - Smash n' Crash Racing (USA),Shrek - Smash n' Crash Racing (USA).jpg,Shrek - Smash n' Crash Racing (USA).jpg,100.0
Nintendo Game Boy Advance,Shrek - Super Slam (USA),Shrek - Super Slam (USA).png,Shrek - Super Slam (USA).png,100.0
Nintendo Game Boy Advance,"Shrek - Swamp Kart Speedway (USA, Europe) (En,Fr,De,Es,It,Nl)","Shrek - Swamp Kart Speedway (USA, Europe) (En,Fr,De,Es,It,Nl).jpg","Shrek - Swamp Kart Speedway (USA, Europe) (En,Fr,De,Es,It,Nl).jpg",100.0
Nintendo Game Boy Advance,"Shrek 2 (USA, Europe)","Shrek 2 (USA, Europe).jpg","Shrek 2 (USA, Europe).jpg",100.0
Nintendo Game Boy Advance,"Shrek 2 - Beg for Mercy (USA, Europe)","Shrek 2 - Beg for Mercy (USA, Europe).jpg","Shrek 2 - Beg for Mercy (USA, Europe).jpg",100.0
Nintendo Game Boy Advance,Shrek the Third (USA),Shrek the Third (USA).jpg,Shrek the Third (USA).jpg,100.0
Nintendo Game Boy Advance,"Sigma Star Saga (USA, Europe)","Sigma Star Saga (USA, Europe).png","Sigma Star Saga (USA, Europe).png",100.0
Nintendo Game Boy Advance,"Silent Scope (USA) (En,Fr,De,Es,It)","Silent Scope (USA) (En,Fr,De,Es,It).jpg","Silent Scope (USA) (En,Fr,De,Es,It).jpg",100.0
Nintendo Game Boy Advance,Sim City 2000 (USA),Sim City 2000 (USA).jpg,Sim City 2000 (USA).jpg,100.0
Nintendo Game Boy Advance,"Simpsons, The - Road Rage (USA, Europe)","Simpsons, The - Road Rage (USA, Europe).jpg","Simpsons, The - Road Rage (USA, Europe).jpg",100.0
Nintendo Game Boy Advance,"Sims 2, The (USA, Europe) (En,Fr,De,Es,It,Nl)","Sims 2, The (USA, Europe) (En,Fr,De,Es,It,Nl).png","Sims 2, The (USA, Europe) (En,Fr,De,Es,It,Nl).png",100.0
Nintendo Game Boy Advance,"Sims 2, The - Pets (USA, Europe)","Sims 2, The - Pets (USA, Europe).jpg","Sims 2, The - Pets (USA, Europe).jpg",100.0
Nintendo Game Boy Advance,"Sims, The - Bustin' Out (USA, Europe) (En,Fr,De,Es,It,Nl)","Sims, The - Bustin' Out (USA, Europe) (En,Fr,De,Es,It,Nl).png","Sims, The - Bustin' Out (USA, Europe) (En,Fr,De,Es,It,Nl).png",100.0
Nintendo Game Boy Advance,"Sitting Ducks (USA) (En,Fr,De,Es,It,Nl)","Sitting Ducks (USA) (En,Fr,De,Es,It,Nl).png","Sitting Ducks (USA) (En,Fr,De,Es,It,Nl).png",100.0
Nintendo Game Boy Advance,Sky Dancers - They Magically Fly! (USA),Sky Dancers - They Magically Fly! (USA).png,Sky Dancers - They Magically Fly! (USA).png,100.0
Nintendo Game Boy Advance,Smashing Drive (USA),Smashing Drive (USA).jpg,Smashing Drive (USA).jpg,100.0
Nintendo Game Boy Advance,Smuggler's Run (USA),Smuggler's Run (USA).jpg,Smuggler's Run (USA).jpg,100.0
Nintendo Game Boy Advance,"Smurfs, The - The Revenge of the Smurfs (Europe) (En,Fr,De,Es,It,Nl)","Smurfs, The - The Revenge of the Smurfs (Europe) (En,Fr,De,Es,It,Nl).png","Smurfs, The - The Revenge of the Smurfs (Europe) (En,Fr,De,Es,It,Nl).png",100.0
Nintendo Game Boy Advance,Snood (USA),Snood (USA).jpg,Snood (USA).jpg,100.0
Nintendo Game Boy Advance,Snood 2 - On Vacation (USA),Snood 2 - On Vacation (USA).png,Snood 2 - On Vacation (USA).png,100.0
Nintendo Game Boy Advance,"Soccer Kid (USA, Europe)","Soccer Kid (USA, Europe).jpg","Soccer Kid (USA, Europe).jpg",100.0
Nintendo Game Boy Advance,Sonic Advance (KOR),Sonic Advance (KOR).png,Sonic Advance (KOR).png,100.0
Nintendo Game Boy Advance,"Sonic Advance 2 (USA) (En,Ja,Fr,De,Es,It)","Sonic Advance 2 (USA) (En,Ja,Fr,De,Es,It).png","Sonic Advance 2 (USA) (En,Ja,Fr,De,Es,It).png",100.0
Nintendo Game Boy Advance,"Sonic Advance 3 (USA) (En,Ja,Fr,De,Es,It)","Sonic Advance 3 (USA) (En,Ja,Fr,De,Es,It).png","Sonic Advance 3 (USA) (En,Ja,Fr,De,Es,It).png",100.0
Nintendo Game Boy Advance,"Sonic Battle (USA) (En,Ja,Fr,De,Es,It)","Sonic Battle (USA) (En,Ja,Fr,De,Es,It).png","Sonic Battle (USA) (En,Ja,Fr,De,Es,It).png",100.0
Nintendo Game Boy Advance,"Sonic Pinball Party (USA) (En,Ja,Fr,De,Es,It)","Sonic Pinball Party (USA) (En,Ja,Fr,De,Es,It).jpg","Sonic Pinball Party (USA) (En,Ja,Fr,De,Es,It).jpg",100.0
Nintendo Game Boy Advance,Sonic the Hedgehog - Genesis (USA),Sonic the Hedgehog - Genesis (USA).jpg,Sonic the Hedgehog - Genesis (USA).jpg,100.0
Nintendo Game Boy Advance,"Sound of Thunder, A (USA) (En,Fr,De,Es,It)","Sound of Thunder, A (USA) (En,Fr,De,Es,It).png","Sound of Thunder, A (USA) (En,Fr,De,Es,It).png",100.0
Nintendo Game Boy Advance,"Space Invaders (USA, Europe)","Space Invaders (USA, Europe) (1).png","Space Invaders (USA, Europe).png",100.0
Nintendo Game Boy Advance,"Speedball 2 - Brutal Deluxe (Europe) (En,Fr,De,Es,It)","Speedball 2 - Brutal Deluxe (Europe) (En,Fr,De,Es,It).jpg","Speedball 2 - Brutal Deluxe (Europe) (En,Fr,De,Es,It).jpg",100.0
Nintendo Game Boy Advance,"Spider-Man (USA, Europe)","Spider-Man (USA, Europe).png","Spider-Man (USA, Europe).png",100.0
Nintendo Game Boy Advance,Spider-Man - Battle for New York (USA),Spider-Man - Battle for New York (USA).png,Spider-Man - Battle for New York (USA).png,100.0
Nintendo Game Boy Advance,"Spider-Man - Mysterio's Menace (USA, Europe)","Spider-Man - Mysterio's Menace (USA, Europe).png","Spider-Man - Mysterio's Menace (USA, Europe).png",100.0
Nintendo Game Boy Advance,"Spider-Man 2 (USA, Europe)","Spider-Man 2 (USA, Europe).png","Spider-Man 2 (USA, Europe).png",100.0
Nintendo Game Boy Advance,Spider-Man 3 (USA),Spider-Man 3 (USA).png,Spider-Man 3 (USA).png,100.0
Nintendo Game Boy Advance,Spirit - Stallion of the Cimarron - Search for Homeland (USA),Spirit - Stallion of the Cimarron - Search for Homeland (USA).png,Spirit - Stallion of the Cimarron - Search for Homeland (USA).png,100.0
Nintendo Game Boy Advance,Spirits & Spells (USA),Spirits & Spells (USA).png,Spirits & Spells (USA).png,100.0
Nintendo Game Boy Advance,SpongeBob SquarePants - Battle for Bikini Bottom (USA),SpongeBob SquarePants - Battle for Bikini Bottom (USA).jpg,SpongeBob SquarePants - Battle for Bikini Bottom (USA).jpg,100.0
Nintendo Game Boy Advance,SpongeBob SquarePants - Creature from the Krusty Krab (USA),SpongeBob SquarePants - Creature from the Krusty Krab (USA).jpg,SpongeBob SquarePants - Creature from the Krusty Krab (USA).jpg,100.0
Nintendo Game Boy Advance,"SpongeBob SquarePants - Lights, Camera, Pants! (USA)","SpongeBob SquarePants - Lights, Camera, Pants! (USA).jpg","SpongeBob SquarePants - Lights, Camera, Pants! (USA).jpg",100.0
Nintendo Game Boy Advance,"SpongeBob SquarePants - Revenge of the Flying Dutchman (USA, Europe)","SpongeBob SquarePants - Revenge of the Flying Dutchman (USA, Europe).jpg","SpongeBob SquarePants - Revenge of the Flying Dutchman (USA, Europe).jpg",100.0
Nintendo Game Boy Advance,"SpongeBob SquarePants - SuperSponge (USA, Europe)","SpongeBob SquarePants - SuperSponge (USA, Europe).jpg","SpongeBob SquarePants - SuperSponge (USA, Europe).jpg",100.0
Nintendo Game Boy Advance,"SpongeBob SquarePants Movie, The (USA)","SpongeBob SquarePants Movie, The (USA).png","SpongeBob SquarePants Movie, The (USA).png",100.0
Nintendo Game Boy Advance,SpongeBob's Atlantis SquarePantis (USA),SpongeBob's Atlantis SquarePantis (USA).jpg,SpongeBob's Atlantis SquarePantis (USA).jpg,100.0
Nintendo Game Boy Advance,Sports Illustrated for Kids - Baseball (USA),Sports Illustrated for Kids - Baseball (USA).jpg,Sports Illustrated for Kids - Baseball (USA).jpg,100.0
Nintendo Game Boy Advance,Sports Illustrated for Kids - Football (USA),Sports Illustrated for Kids - Football (USA).jpg,Sports Illustrated for Kids - Football (USA).jpg,100.0
Nintendo Game Boy Advance,"Spy Hunter (USA) (En,Ja,Fr,De,Es)","Spy Hunter (USA) (En,Ja,Fr,De,Es).jpg","Spy Hunter (USA) (En,Ja,Fr,De,Es).jpg",100.0
Nintendo Game Boy Advance,Spy Kids 3-D - Game Over (USA),Spy Kids 3-D - Game Over (USA).jpg,Spy Kids 3-D - Game Over (USA).jpg,100.0
Nintendo Game Boy Advance,Spy Kids Challenger (USA),Spy Kids Challenger (USA).png,Spy Kids Challenger (USA).png,100.0
Nintendo Game Boy Advance,"Spy Muppets - License to Croak (USA) (En,Fr,De,Es,It,Nl)","Spy Muppets - License to Croak (USA) (En,Fr,De,Es,It,Nl).png","Spy Muppets - License to Croak (USA) (En,Fr,De,Es,It,Nl).png",100.0
Nintendo Game Boy Advance,Spyro - Attack of the Rhynocs (USA),Spyro - Attack of the Rhynocs (USA).jpg,Spyro - Attack of the Rhynocs (USA).jpg,100.0
Nintendo Game Boy Advance,Spyro - Season of Ice (USA),Spyro - Season of Ice (USA).jpg,Spyro - Season of Ice (USA).jpg,100.0
Nintendo Game Boy Advance,Spyro 2 - Season of Flame (USA),Spyro 2 - Season of Flame (USA).png,Spyro 2 - Season of Flame (USA).png,100.0
Nintendo Game Boy Advance,Spyro Orange - The Cortex Conspiracy (USA),Spyro Orange - The Cortex Conspiracy (USA).png,Spyro Orange - The Cortex Conspiracy (USA).png,100.0
Nintendo Game Boy Advance,Spyro Superpack (USA),Spyro Superpack (USA).png,Spyro Superpack (USA).png,100.0
Nintendo Game Boy Advance,"SSX 3 (USA, Europe)","SSX 3 (USA, Europe).jpg","SSX 3 (USA, Europe).jpg",100.0
Nintendo Game Boy Advance,"SSX Tricky (USA, Europe) (En,Fr,De)","SSX Tricky (USA, Europe) (En,Fr,De).jpg","SSX Tricky (USA, Europe) (En,Fr,De).jpg",100.0
Nintendo Game Boy Advance,Star Wars - Episode II - Attack of the Clones (USA),Star Wars - Episode II - Attack of the Clones (USA).png,Star Wars - Episode II - Attack of the Clones (USA).png,100.0
Nintendo Game Boy Advance,"Star Wars - Episode III - Revenge of the Sith (USA) (En,Fr,Es)","Star Wars - Episode III - Revenge of the Sith (USA) (En,Fr,Es).png","Star Wars - Episode III - Revenge of the Sith (USA) (En,Fr,Es).png",100.0
Nintendo Game Boy Advance,Star Wars - Flight of the Falcon (USA),Star Wars - Flight of the Falcon (USA).jpg,Star Wars - Flight of the Falcon (USA).jpg,100.0
Nintendo Game Boy Advance,Star Wars - Jedi Power Battles (USA),Star Wars - Jedi Power Battles (USA).jpg,Star Wars - Jedi Power Battles (USA).jpg,100.0
Nintendo Game Boy Advance,Star Wars - The New Droid Army (USA),Star Wars - The New Droid Army (USA).jpg,Star Wars - The New Droid Army (USA).jpg,100.0
Nintendo Game Boy Advance,"Star Wars Trilogy - Apprentice of the Force (USA) (En,Fr,Es)","Star Wars Trilogy - Apprentice of the Force (USA) (En,Fr,Es).jpg","Star Wars Trilogy - Apprentice of the Force (USA) (En,Fr,Es).jpg",100.0
Nintendo Game Boy Advance,Starsky & Hutch (USA),Starsky & Hutch (USA).jpg,Starsky & Hutch (USA).jpg,100.0
Nintendo Game Boy Advance,Steel Empire (Europe),Steel Empire (Europe).png,Steel Empire (Europe).png,100.0
Nintendo Game Boy Advance,"Steven Gerrard's Total Soccer 2002 (Europe) (En,Fr,De,Es,It,Nl)","Steven Gerrard's Total Soccer 2002 (Europe) (En,Fr,De,Es,It,Nl).jpg","Steven Gerrard's Total Soccer 2002 (Europe) (En,Fr,De,Es,It,Nl).jpg",100.0
Nintendo Game Boy Advance,"Strawberry Shortcake - Ice Cream Island - Riding Camp (Europe) (En,Fr,De,Es,It,Nl,Pt,Da)","Strawberry Shortcake - Ice Cream Island - Riding Camp (Europe) (En,Fr,De,Es,It,Nl,Pt,Da).jpg","Strawberry Shortcake - Ice Cream Island - Riding Camp (Europe) (En,Fr,De,Es,It,Nl,Pt,Da).jpg",100.0
Nintendo Game Boy Advance,Strawberry Shortcake - Summertime Adventure (USA),Strawberry Shortcake - Summertime Adventure (USA).jpg,Strawberry Shortcake - Summertime Adventure (USA).jpg,100.0
Nintendo Game Boy Advance,Strawberry Shortcake - Summertime Adventure - Special Edition (USA),Strawberry Shortcake - Summertime Adventure - Special Edition (USA) (1).png,Strawberry Shortcake - Summertime Adventure - Special Edition (USA).png,100.0
Nintendo Game Boy Advance,Strawberry Shortcake - Sweet Dreams (USA),Strawberry Shortcake - Sweet Dreams (USA).png,Strawberry Shortcake - Sweet Dreams (USA).png,100.0
Nintendo Game Boy Advance,Street Fighter Alpha 3 (USA),Street Fighter Alpha 3 (USA).jpg,Street Fighter Alpha 3 (USA).jpg,100.0
Nintendo Game Boy Advance,"Street Jam Basketball (USA, Europe)","Street Jam Basketball (USA, Europe).jpg","Street Jam Basketball (USA, Europe).jpg",100.0
Nintendo Game Boy Advance,Street Racing Syndicate (USA),Street Racing Syndicate (USA).jpg,Street Racing Syndicate (USA).jpg,100.0
Nintendo Game Boy Advance,Strike Force Hydra (USA),Strike Force Hydra (USA).jpg,Strike Force Hydra (USA).jpg,100.0
Nintendo Game Boy Advance,"Stuart Little 2 (USA, Europe)","Stuart Little 2 (USA, Europe).jpg","Stuart Little 2 (USA, Europe).jpg",100.0
Nintendo Game Boy Advance,"Stuntman (USA) (En,Fr,Es)","Stuntman (USA) (En,Fr,Es).png","Stuntman (USA) (En,Fr,Es).png",100.0
Nintendo Game Boy Advance,"Suite Life of Zack & Cody, The - Tipton Caper (USA) (En,Fr)","Suite Life of Zack & Cody, The - Tipton Caper (USA) (En,Fr).jpg","Suite Life of Zack & Cody, The - Tipton Caper (USA) (En,Fr).jpg",100.0
Nintendo Game Boy Advance,"Sum of All Fears, The (USA) (En,Fr,De,Es,It)","Sum of All Fears, The (USA) (En,Fr,De,Es,It).png","Sum of All Fears, The (USA) (En,Fr,De,Es,It).png",100.0
Nintendo Game Boy Advance,Summon Night - Swordcraft Story (USA),Ty the Tasmanian Tiger 3 - Night of the Quinkan (USA).jpg,Summon Night - Swordcraft Story (USA).jpg,85.5
Nintendo Game Boy Advance,Super Army War (USA),Super Army War (USA).png,Super Army War (USA).png,100.0
Nintendo Game Boy Advance,Super Bubble Pop (USA),Super Bubble Pop (USA).jpg,Super Bubble Pop (USA).jpg,100.0
Nintendo Game Boy Advance,"Super Bust-A-Move (USA) (En,Fr,Es)","Super Bust-A-Move (USA) (En,Fr,Es).jpg","Super Bust-A-Move (USA) (En,Fr,Es).jpg",100.0
Nintendo Game Boy Advance,Super Collapse! II (USA),Super Collapse! II (USA).jpg,Super Collapse! II (USA).jpg,100.0
Nintendo Game Boy Advance,Super Dodge Ball Advance (USA),Super Dodge Ball Advance (USA).png,Super Dodge Ball Advance (USA).png,100.0
Nintendo Game Boy Advance,Super Dropzone - Intergalactic Rescue Mission (USA),Super Dropzone - Intergalactic Rescue Mission (USA).jpg,Super Dropzone - Intergalactic Rescue Mission (USA).jpg,100.0
Nintendo Game Boy Advance,Super Duper Sumos (USA),Super Duper Sumos (USA).jpg,Super Duper Sumos (USA).jpg,100.0
Nintendo Game Boy Advance,"Super Ghouls'n Ghosts (USA, Europe)","Super Ghouls'n Ghosts (USA, Europe).jpg","Super Ghouls'n Ghosts (USA, Europe).jpg",100.0
Nintendo Game Boy Advance,"Super Hornet FA 18F (USA, Europe)","Super Hornet FA 18F (USA, Europe).png","Super Hornet FA 18F (USA, Europe).png",100.0
Nintendo Game Boy Advance,"Super Mario Advance (USA, Europe)","Super Mario Advance (USA, Europe).png","Super Mario Advance (USA, Europe).png",100.0
Nintendo Game Boy Advance,"Super Mario Advance 2 - Super Mario World (USA, Australia)","Super Mario Advance 2 - Super Mario World (USA, Australia).png","Super Mario Advance 2 - Super Mario World (USA, Australia).png",100.0
Nintendo Game Boy Advance,Super Mario Advance 3 - Yoshi's Island (USA),Super Mario Advance 3 - Yoshi's Island (USA).png,Super Mario Advance 3 - Yoshi's Island (USA).png,100.0
Nintendo Game Boy Advance,"Super Mario Advance 4 - Super Mario Bros. 3 (USA, Australia) (Rev 1)","Super Mario Advance 4 - Super Mario Bros. 3 (USA, Australia) (Rev 1).jpg","Super Mario Advance 4 - Super Mario Bros. 3 (USA, Australia) (Rev 1).jpg",100.0
Nintendo Game Boy Advance,Super Monkey Ball Jr. (USA),Super Monkey Ball Jr. (USA).jpg,Super Monkey Ball Jr. (USA).jpg,100.0
Nintendo Game Boy Advance,Super Puzzle Fighter II Turbo (USA),Super Puzzle Fighter II Turbo (USA).png,Super Puzzle Fighter II Turbo (USA).png,100.0
Nintendo Game Boy Advance,Super Robot Taisen - Original Generation (USA),Super Robot Taisen - Original Generation (USA).png,Super Robot Taisen - Original Generation (USA).png,100.0
Nintendo Game Boy Advance,Super Robot Taisen - Original Generation 2 (USA),Super Robot Taisen - Original Generation 2 (USA).png,Super Robot Taisen - Original Generation 2 (USA).png,100.0
Nintendo Game Boy Advance,Super Robot War A (KOR),Super Robot War A (KOR).png,Super Robot War A (KOR).png,100.0
Nintendo Game Boy Advance,Super Robot War D (KOR),Super Robot War D (KOR).png,Super Robot War D (KOR).png,100.0
Nintendo Game Boy Advance,Super Robot War OG1 (KOR),Super Robot War OG1 (KOR).jpg,Super Robot War OG1 (KOR).jpg,100.0
Nintendo Game Boy Advance,Super Robot War OG2 (KOR),Super Robot War OG2 (KOR).png,Super Robot War OG2 (KOR).png,100.0
Nintendo Game Boy Advance,Super Robot War R (KOR),Super Robot War R (KOR).png,Super Robot War R (KOR).png,100.0
Nintendo Game Boy Advance,Super Street Fighter 2X Revival (KOR),Super Street Fighter 2X Revival (KOR).jpg,Super Street Fighter 2X Revival (KOR).jpg,100.0
Nintendo Game Boy Advance,Super Street Fighter II Turbo - Revival (USA),Super Street Fighter II Turbo - Revival (USA).png,Super Street Fighter II Turbo - Revival (USA).png,100.0
Nintendo Game Boy Advance,Superman - Countdown to Apokolips (USA),Superman - Countdown to Apokolips (USA).jpg,Superman - Countdown to Apokolips (USA).jpg,100.0
Nintendo Game Boy Advance,"Superman Returns - Fortress of Solitude (USA, Europe) (En,Fr,De,Es,It)","Superman Returns - Fortress of Solitude (USA, Europe) (En,Fr,De,Es,It).jpg","Superman Returns - Fortress of Solitude (USA, Europe) (En,Fr,De,Es,It).jpg",100.0
Nintendo Game Boy Advance,"Surf's Up (USA) (En,Fr,Es)","Surf's Up (USA) (En,Fr,Es).jpg","Surf's Up (USA) (En,Fr,Es).jpg",100.0
Nintendo Game Boy Advance,"Sword of Mana (USA, Australia)","Sword of Mana (USA, Australia).png","Sword of Mana (USA, Australia).png",100.0
Nintendo Game Boy Advance,"Tak - The Great Juju Challenge (USA, Europe)","Tak - The Great Juju Challenge (USA, Europe).jpg","Tak - The Great Juju Challenge (USA, Europe).jpg",100.0
Nintendo Game Boy Advance,Tak 2 - The Staff of Dreams (USA),Tak 2 - The Staff of Dreams (USA).jpg,Tak 2 - The Staff of Dreams (USA).jpg,100.0
Nintendo Game Boy Advance,Tak and the Power of Juju (USA),Tak and the Power of Juju (USA).png,Tak and the Power of Juju (USA).png,100.0
Nintendo Game Boy Advance,"Tales of Phantasia (USA, Australia)","Tales of Phantasia (USA, Australia).png","Tales of Phantasia (USA, Australia).png",100.0
Nintendo Game Boy Advance,Tales of the World - Narikiri Dungeon 2 (KOR),Tales of the World - Narikiri Dungeon 2 (KOR).png,Tales of the World - Narikiri Dungeon 2 (KOR).png,100.0
Nintendo Game Boy Advance,Tang Tang (USA),Tang Tang (USA).jpg,Tang Tang (USA).jpg,100.0
Nintendo Game Boy Advance,Tantei Jinguuji Saburou - Shiroi Kage no Shoujo (KOR),Tantei Jinguuji Saburou - Shiroi Kage no Shoujo (KOR).png,Tantei Jinguuji Saburou - Shiroi Kage no Shoujo (KOR).png,100.0
Nintendo Game Boy Advance,"Tarzan - Return to the Jungle (USA, Europe)","Tarzan - Return to the Jungle (USA, Europe).jpg","Tarzan - Return to the Jungle (USA, Europe).jpg",100.0
Nintendo Game Boy Advance,"Teen Titans (USA) (En,Fr)","Teen Titans (USA) (En,Fr).jpg","Teen Titans (USA) (En,Fr).jpg",100.0
Nintendo Game Boy Advance,"Teen Titans 2 (USA) (En,Fr)","Teen Titans 2 (USA) (En,Fr).png","Teen Titans 2 (USA) (En,Fr).png",100.0
Nintendo Game Boy Advance,Teenage Mutant Ninja Turtles (USA),Teenage Mutant Ninja Turtles (USA).png,Teenage Mutant Ninja Turtles (USA).png,100.0
Nintendo Game Boy Advance,Teenage Mutant Ninja Turtles 2 - Battle Nexus (USA),Teenage Mutant Ninja Turtles 2 - Battle Nexus (USA).png,Teenage Mutant Ninja Turtles 2 - Battle Nexus (USA).png,100.0
Nintendo Game Boy Advance,"Teenage Mutant Ninja Turtles Double Pack (USA) (En,Fr,De,Es,It)","Teenage Mutant Ninja Turtles Double Pack (USA) (En,Fr,De,Es,It).jpg","Teenage Mutant Ninja Turtles Double Pack (USA) (En,Fr,De,Es,It).jpg",100.0
Nintendo Game Boy Advance,Tekken Advance (USA),Tekken Advance (USA).png,Tekken Advance (USA).png,100.0
Nintendo Game Boy Advance,Ten Pin Alley 2 (USA),Ten Pin Alley 2 (USA).jpg,Ten Pin Alley 2 (USA).jpg,100.0
Nintendo Game Boy Advance,"Tennis Masters Series 2003 (Europe) (En,Fr,De,Es,It,Pt)","Tennis Masters Series 2003 (Europe) (En,Fr,De,Es,It,Pt).jpg","Tennis Masters Series 2003 (Europe) (En,Fr,De,Es,It,Pt).jpg",100.0
Nintendo Game Boy Advance,Tennis no Ouji Sama 2003 Passion Red (KOR),Tennis no Ouji Sama 2003 Passion Red (KOR).jpg,Tennis no Ouji Sama 2003 Passion Red (KOR).jpg,100.0
Nintendo Game Boy Advance,Terminator 3 - Rise of the Machines (USA),Terminator 3 - Rise of the Machines (USA).jpg,Terminator 3 - Rise of the Machines (USA).jpg,100.0
Nintendo Game Boy Advance,Tetris Worlds (USA),Tetris Worlds (USA).jpg,Tetris Worlds (USA).jpg,100.0
Nintendo Game Boy Advance,"Texas Hold 'em Poker (USA, Europe)","Texas Hold 'em Poker (USA, Europe).jpg","Texas Hold 'em Poker (USA, Europe).jpg",100.0
Nintendo Game Boy Advance,That's So Raven (USA),That's So Raven (USA).jpg,That's So Raven (USA).jpg,100.0
Nintendo Game Boy Advance,"That's So Raven 2 - Supernatural Style (USA) (En,Fr)","That's So Raven 2 - Supernatural Style (USA) (En,Fr).png","That's So Raven 2 - Supernatural Style (USA) (En,Fr).png",100.0
Nintendo Game Boy Advance,The Legend of Zelda Fushigi no Boushi (KOR),The Legend of Zelda Fushigi no Boushi (KOR).png,The Legend of Zelda Fushigi no Boushi (KOR).png,100.0
Nintendo Game Boy Advance,Three-in-One Pack - Connect Four + Perfection + Trouble (USA),Three-in-One Pack - Connect Four + Perfection + Trouble (USA).png,Three-in-One Pack - Connect Four + Perfection + Trouble (USA).png,100.0
Nintendo Game Boy Advance,Three-in-One Pack - Risk + Battleship + Clue (USA),Three-in-One Pack - Risk + Battleship + Clue (USA).png,Three-in-One Pack - Risk + Battleship + Clue (USA).png,100.0
Nintendo Game Boy Advance,Three-in-One Pack - Sorry! + Aggravation + Scrabble Junior (USA),Three-in-One Pack - Sorry! + Aggravation + Scrabble Junior (USA).png,Three-in-One Pack - Sorry! + Aggravation + Scrabble Junior (USA).png,100.0
Nintendo Game Boy Advance,Thunder Alley (USA),Thunder Alley (USA).jpg,Thunder Alley (USA).jpg,100.0
Nintendo Game Boy Advance,"Thunderbirds (USA, Europe)","Thunderbirds (USA, Europe).jpg","Thunderbirds (USA, Europe).jpg",100.0
Nintendo Game Boy Advance,Thunderbirds - International Rescue (Europe),Thunderbirds - International Rescue (Europe).jpg,Thunderbirds - International Rescue (Europe).jpg,100.0
Nintendo Game Boy Advance,"Tiger Woods PGA Tour 2004 (USA, Europe)","Tiger Woods PGA Tour 2004 (USA, Europe).jpg","Tiger Woods PGA Tour 2004 (USA, Europe).jpg",100.0
Nintendo Game Boy Advance,"Tiger Woods PGA Tour Golf (USA, Europe)","Tiger Woods PGA Tour Golf (USA, Europe).jpg","Tiger Woods PGA Tour Golf (USA, Europe).jpg",100.0
Nintendo Game Boy Advance,"Tim Burton's The Nightmare Before Christmas - The Pumpkin King (USA, Europe) (En,Fr,De,Es,It)","Tim Burton's The Nightmare Before Christmas - The Pumpkin King (USA, Europe) (En,Fr,De,Es,It).png","Tim Burton's The Nightmare Before Christmas - The Pumpkin King (USA, Europe) (En,Fr,De,Es,It).png",100.0
Nintendo Game Boy Advance,Tiny Toon Adventures - Scary Dreams (USA),Tiny Toon Adventures - Scary Dreams (USA).jpg,Tiny Toon Adventures - Scary Dreams (USA).jpg,100.0
Nintendo Game Boy Advance,Tiny Toon Adventures - Wacky Stackers (USA),Tiny Toon Adventures - Wacky Stackers (USA).png,Tiny Toon Adventures - Wacky Stackers (USA).png,100.0
Nintendo Game Boy Advance,TOCA World Touring Cars (Europe),TOCA World Touring Cars (Europe).jpg,TOCA World Touring Cars (Europe).jpg,100.0
Nintendo Game Boy Advance,Tokyo Xtreme Racer Advance (USA),Tokyo Xtreme Racer Advance (USA).jpg,Tokyo Xtreme Racer Advance (USA).jpg,100.0
Nintendo Game Boy Advance,"Tom and Jerry - The Magic Ring (USA) (En,Fr,De,Es,It)","Tom and Jerry - The Magic Ring (USA) (En,Fr,De,Es,It).jpg","Tom and Jerry - The Magic Ring (USA) (En,Fr,De,Es,It).jpg",100.0
Nintendo Game Boy Advance,Tom and Jerry in Infurnal Escape (USA),Tom and Jerry in Infurnal Escape (USA).jpg,Tom and Jerry in Infurnal Escape (USA).jpg,100.0
Nintendo Game Boy Advance,"Tom and Jerry Tales (USA) (En,Fr,Es)","Tom and Jerry Tales (USA) (En,Fr,Es).jpg","Tom and Jerry Tales (USA) (En,Fr,Es).jpg",100.0
Nintendo Game Boy Advance,"Tom Clancy's Rainbow Six - Rogue Spear (USA) (En,Fr,De,Es,It)","Tom Clancy's Rainbow Six - Rogue Spear (USA) (En,Fr,De,Es,It).jpg","Tom Clancy's Rainbow Six - Rogue Spear (USA) (En,Fr,De,Es,It).jpg",100.0
Nintendo Game Boy Advance,"Tom Clancy's Splinter Cell (USA) (En,Fr,Es)","Tom Clancy's Splinter Cell (USA) (En,Fr,Es).jpg","Tom Clancy's Splinter Cell (USA) (En,Fr,Es).jpg",100.0
Nintendo Game Boy Advance,"Tom Clancy's Splinter Cell - Pandora Tomorrow (USA) (En,Fr,Es)","Tom Clancy's Splinter Cell - Pandora Tomorrow (USA) (En,Fr,Es).png","Tom Clancy's Splinter Cell - Pandora Tomorrow (USA) (En,Fr,Es).png",100.0
Nintendo Game Boy Advance,Tonka - On the Job (USA),Tonka - On the Job (USA).jpg,Tonka - On the Job (USA).jpg,100.0
Nintendo Game Boy Advance,Tony Hawk's American Sk8land (USA),Tony Hawk's American Sk8land (USA).jpg,Tony Hawk's American Sk8land (USA).jpg,100.0
Nintendo Game Boy Advance,Tony Hawk's Downhill Jam (USA),Tony Hawk's Downhill Jam (USA).jpg,Tony Hawk's Downhill Jam (USA).jpg,100.0
Nintendo Game Boy Advance,"Tony Hawk's Pro Skater 2 (USA, Europe)","Tony Hawk's Pro Skater 2 (USA, Europe).png","Tony Hawk's Pro Skater 2 (USA, Europe).png",100.0
Nintendo Game Boy Advance,"Tony Hawk's Pro Skater 3 (USA, Europe)","Tony Hawk's Pro Skater 3 (USA, Europe).png","Tony Hawk's Pro Skater 3 (USA, Europe).png",100.0
Nintendo Game Boy Advance,"Tony Hawk's Pro Skater 4 (USA, Europe)","Tony Hawk's Pro Skater 4 (USA, Europe).png","Tony Hawk's Pro Skater 4 (USA, Europe).png",100.0
Nintendo Game Boy Advance,"Tony Hawk's Underground (USA, Europe)","Tony Hawk's Underground (USA, Europe).png","Tony Hawk's Underground (USA, Europe).png",100.0
Nintendo Game Boy Advance,"Tony Hawk's Underground 2 (USA, Europe)","Tony Hawk's Underground 2 (USA, Europe).jpg","Tony Hawk's Underground 2 (USA, Europe).jpg",100.0
Nintendo Game Boy Advance,"Tootuff - The Gagmachine (Europe) (En,Fr,De,Es,It)","Tootuff - The Gagmachine (Europe) (En,Fr,De,Es,It).png","Tootuff - The Gagmachine (Europe) (En,Fr,De,Es,It).png",100.0
Nintendo Game Boy Advance,Top Gear GT Championship (USA),Top Gear GT Championship (USA).jpg,Top Gear GT Championship (USA).jpg,100.0
Nintendo Game Boy Advance,Top Gear Rally (USA),Top Gear Rally (USA).png,Top Gear Rally (USA).png,100.0
Nintendo Game Boy Advance,"Top Gun - Combat Zones (USA) (En,Fr,De,Es,It)","Top Gun - Combat Zones (USA) (En,Fr,De,Es,It).jpg","Top Gun - Combat Zones (USA) (En,Fr,De,Es,It).jpg",100.0
Nintendo Game Boy Advance,"Top Gun - Firestorm Advance (USA, Europe) (En,Fr,De,Es,It)","Top Gun - Firestorm Advance (USA, Europe) (En,Fr,De,Es,It).jpg","Top Gun - Firestorm Advance (USA, Europe) (En,Fr,De,Es,It).jpg",100.0
Nintendo Game Boy Advance,"Top Spin 2 (USA) (En,Fr,De,Es,It)","Top Spin 2 (USA) (En,Fr,De,Es,It).jpg","Top Spin 2 (USA) (En,Fr,De,Es,It).jpg",100.0
Nintendo Game Boy Advance,Totally Spies! (USA),Totally Spies! (USA).jpg,Totally Spies! (USA).jpg,100.0
Nintendo Game Boy Advance,"Totally Spies! 2 - Undercover (USA) (En,Fr)","Totally Spies! 2 - Undercover (USA) (En,Fr).png","Totally Spies! 2 - Undercover (USA) (En,Fr).png",100.0
Nintendo Game Boy Advance,"Tower SP, The (KOR)","Tower SP, The (KOR).png","Tower SP, The (KOR).png",100.0
Nintendo Game Boy Advance,Treasure Planet (USA),Treasure Planet (USA).jpg,Treasure Planet (USA).jpg,100.0
Nintendo Game Boy Advance,"Trick Star (Europe) (En,Fr,De,Es,It)","Trick Star (Europe) (En,Fr,De,Es,It).jpg","Trick Star (Europe) (En,Fr,De,Es,It).jpg",100.0
Nintendo Game Boy Advance,Tringo (USA),Tringo (USA).jpg,Tringo (USA).jpg,100.0
Nintendo Game Boy Advance,Trollz - Hair Affair! (USA),Trollz - Hair Affair! (USA).jpg,Trollz - Hair Affair! (USA).jpg,100.0
Nintendo Game Boy Advance,Tron 2.0 - Killer App (USA),Tron 2.0 - Killer App (USA).jpg,Tron 2.0 - Killer App (USA).jpg,100.0
Nintendo Game Boy Advance,Turbo Turtle Adventure (USA),Turbo Turtle Adventure (USA).png,Turbo Turtle Adventure (USA).png,100.0
Nintendo Game Boy Advance,Turok Evolution (USA),Turok Evolution (USA).png,Turok Evolution (USA).png,100.0
Nintendo Game Boy Advance,Tweety and the Magic Gems (USA),Tweety and the Magic Gems (USA).png,Tweety and the Magic Gems (USA).png,100.0
Nintendo Game Boy Advance,"Ty the Tasmanian Tiger 2 - Bush Rescue (USA, Europe) (En,Fr,De)","Ty the Tasmanian Tiger 2 - Bush Rescue (USA, Europe) (En,Fr,De).jpg","Ty the Tasmanian Tiger 2 - Bush Rescue (USA, Europe) (En,Fr,De).jpg",100.0
Nintendo Game Boy Advance,Ueki no Housoku Jingi Sakuretsu! - Nouryokusha Battle (KOR),Ueki no Housoku Jingi Sakuretsu! - Nouryokusha Battle (KOR).png,Ueki no Housoku Jingi Sakuretsu! - Nouryokusha Battle (KOR).png,100.0
Nintendo Game Boy Advance,Ultimate Arcade Games (USA),Ultimate Arcade Games (USA).jpg,Ultimate Arcade Games (USA).jpg,100.0
Nintendo Game Boy Advance,Ultimate Beach Soccer (USA),Ultimate Beach Soccer (USA).png,Ultimate Beach Soccer (USA).png,100.0
Nintendo Game Boy Advance,"Ultimate Brain Games (USA, Europe)","Ultimate Brain Games (USA, Europe).jpg","Ultimate Brain Games (USA, Europe).jpg",100.0
Nintendo Game Boy Advance,"Ultimate Card Games (USA, Europe)","Ultimate Card Games (USA, Europe).png","Ultimate Card Games (USA, Europe).png",100.0
Nintendo Game Boy Advance,Ultimate Muscle - The Kinnikuman Legacy - The Path of the Superhero (USA),Ultimate Muscle - The Kinnikuman Legacy - The Path of the Superhero (USA).png,Ultimate Muscle - The Kinnikuman Legacy - The Path of the Superhero (USA).png,100.0
Nintendo Game Boy Advance,Ultimate Puzzle Games (USA),Ultimate Puzzle Games (USA).png,Ultimate Puzzle Games (USA).png,100.0
Nintendo Game Boy Advance,Ultimate Spider-Man (USA),Ultimate Spider-Man (USA).png,Ultimate Spider-Man (USA).png,100.0
Nintendo Game Boy Advance,Ultimate Winter Games (USA),Ultimate Winter Games (USA).jpg,Ultimate Winter Games (USA).jpg,100.0
Nintendo Game Boy Advance,Unfabulous (USA),Unfabulous (USA).jpg,Unfabulous (USA).jpg,100.0
Nintendo Game Boy Advance,Uno 52 (USA),Uno 52 (USA).jpg,Uno 52 (USA).jpg,100.0
Nintendo Game Boy Advance,Uno Free Fall (USA),Uno Free Fall (USA).jpg,Uno Free Fall (USA).jpg,100.0
Nintendo Game Boy Advance,"Urban Yeti! (USA, Europe)","Urban Yeti! (USA, Europe).jpg","Urban Yeti! (USA, Europe).jpg",100.0
Nintendo Game Boy Advance,"Urbz, The - Sims in the City (USA, Europe) (En,Fr,De,Es,It,Nl)","Urbz, The - Sims in the City (USA, Europe) (En,Fr,De,Es,It,Nl).png","Urbz, The - Sims in the City (USA, Europe) (En,Fr,De,Es,It,Nl).png",100.0
Nintendo Game Boy Advance,"V-Rally 3 (USA) (En,Fr,Es)","V-Rally 3 (USA) (En,Fr,Es).png","V-Rally 3 (USA) (En,Fr,Es).png",100.0
Nintendo Game Boy Advance,"V.I.P. (Europe) (En,Fr,De,Es,It,Nl)","V.I.P. (Europe) (En,Fr,De,Es,It,Nl).jpg","V.I.P. (Europe) (En,Fr,De,Es,It,Nl).jpg",100.0
Nintendo Game Boy Advance,Van Helsing (USA),Van Helsing (USA).jpg,Van Helsing (USA).jpg,100.0
Nintendo Game Boy Advance,VeggieTales - LarryBoy and the Bad Apple (USA),VeggieTales - LarryBoy and the Bad Apple (USA).png,VeggieTales - LarryBoy and the Bad Apple (USA).png,100.0
Nintendo Game Boy Advance,Virtua Tennis (USA),Virtua Tennis (USA).png,Virtua Tennis (USA).png,100.0
Nintendo Game Boy Advance,"Virtual Kasparov (USA) (En,Fr,De,Es,It)","Virtual Kasparov (USA) (En,Fr,De,Es,It).jpg","Virtual Kasparov (USA) (En,Fr,De,Es,It).jpg",100.0
Nintendo Game Boy Advance,"Wade Hixton's Counter Punch (USA, Europe)","Wade Hixton's Counter Punch (USA, Europe).png","Wade Hixton's Counter Punch (USA, Europe).png",100.0
Nintendo Game Boy Advance,Wakeboarding Unleashed featuring Shaun Murray (USA),Wakeboarding Unleashed featuring Shaun Murray (USA).jpg,Wakeboarding Unleashed featuring Shaun Murray (USA).jpg,100.0
Nintendo Game Boy Advance,"Wario Land 4 (USA, Europe)","Wario Land 4 (USA, Europe).png","Wario Land 4 (USA, Europe).png",100.0
Nintendo Game Boy Advance,Whac-A-Mole (USA),Whac-A-Mole (USA).jpg,Whac-A-Mole (USA).jpg,100.0
Nintendo Game Boy Advance,Who Wants to Be a Millionaire (Europe),Who Wants to Be a Millionaire (Europe).jpg,Who Wants to Be a Millionaire (Europe).jpg,100.0
Nintendo Game Boy Advance,Who Wants to Be a Millionaire - 2nd Edition (Europe),Who Wants to Be a Millionaire - 2nd Edition (Europe).png,Who Wants to Be a Millionaire - 2nd Edition (Europe).png,100.0
Nintendo Game Boy Advance,Who Wants to Be a Millionaire Junior (Europe),Who Wants to Be a Millionaire Junior (Europe).png,Who Wants to Be a Millionaire Junior (Europe).png,100.0
Nintendo Game Boy Advance,"Wild Thornberrys Movie, The (USA, Europe)","Wild Thornberrys Movie, The (USA, Europe).jpg","Wild Thornberrys Movie, The (USA, Europe).jpg",100.0
Nintendo Game Boy Advance,"Wild Thornberrys, The - Chimp Chase (USA, Europe)","Wild Thornberrys, The - Chimp Chase (USA, Europe).png","Wild Thornberrys, The - Chimp Chase (USA, Europe).png",100.0
Nintendo Game Boy Advance,"Wild, The (USA, Europe) (En,Fr,De,Es)","Wild, The (USA, Europe) (En,Fr,De,Es).jpg","Wild, The (USA, Europe) (En,Fr,De,Es).jpg",100.0
Nintendo Game Boy Advance,Wings (USA),Wings (USA).jpg,Wings (USA).jpg,100.0
Nintendo Game Boy Advance,"Winnie the Pooh's Rumbly Tumbly Adventure & Rayman 3 (Europe) (En,Fr,De,Es,It,Nl+En,Fr,De,Es,It,Nl,Sv,No,Da,Fi)","Winnie the Pooh's Rumbly Tumbly Adventure & Rayman 3 (Europe) (En,Fr,De,Es,It,Nl+En,Fr,De,Es,It,Nl,Sv,No,Da,Fi).jpg","Winnie the Pooh's Rumbly Tumbly Adventure & Rayman 3 (Europe) (En,Fr,De,Es,It,Nl+En,Fr,De,Es,It,Nl,Sv,No,Da,Fi).jpg",100.0
Nintendo Game Boy Advance,"Winnie the Pooh's Rumbly Tumbly Adventure (USA) (En,Fr,Es)","Winnie the Pooh's Rumbly Tumbly Adventure (USA) (En,Fr,Es).png","Winnie the Pooh's Rumbly Tumbly Adventure (USA) (En,Fr,Es).png",100.0
Nintendo Game Boy Advance,"Winter Sports (Europe) (En,Fr,De,Es,It)","Winter Sports (Europe) (En,Fr,De,Es,It).png","Winter Sports (Europe) (En,Fr,De,Es,It).png",100.0
Nintendo Game Boy Advance,WinX Club (USA),WinX Club (USA).png,WinX Club (USA).png,100.0
Nintendo Game Boy Advance,WinX Club - Quest for the Codex (USA),WinX Club - Quest for the Codex (USA).png,WinX Club - Quest for the Codex (USA).png,100.0
Nintendo Game Boy Advance,"Wolfenstein 3D (USA, Europe)","Wolfenstein 3D (USA, Europe).png","Wolfenstein 3D (USA, Europe).png",100.0
Nintendo Game Boy Advance,Woody Woodpecker in Crazy Castle 5 (USA),Woody Woodpecker in Crazy Castle 5 (USA).jpg,Woody Woodpecker in Crazy Castle 5 (USA).jpg,100.0
Nintendo Game Boy Advance,World Championship Poker (USA),World Championship Poker (USA).jpg,World Championship Poker (USA).jpg,100.0
Nintendo Game Boy Advance,World Poker Tour (USA),World Poker Tour (USA).jpg,World Poker Tour (USA).jpg,100.0
Nintendo Game Boy Advance,World Soccer Winning Eleven (KOR),World Soccer Winning Eleven (KOR).png,World Soccer Winning Eleven (KOR).png,100.0
Nintendo Game Boy Advance,World Tennis Stars (USA),World Tennis Stars (USA).jpg,World Tennis Stars (USA).jpg,100.0
Nintendo Game Boy Advance,"Worms Blast (Europe) (En,Fr,De,Es,It)","Worms Blast (Europe) (En,Fr,De,Es,It).jpg","Worms Blast (Europe) (En,Fr,De,Es,It).jpg",100.0
Nintendo Game Boy Advance,"Worms World Party (USA) (En,Fr,De,Es,It)","Worms World Party (USA) (En,Fr,De,Es,It).png","Worms World Party (USA) (En,Fr,De,Es,It).png",100.0
Nintendo Game Boy Advance,WTA Tour Tennis (USA),WTA Tour Tennis (USA).png,WTA Tour Tennis (USA).png,100.0
Nintendo Game Boy Advance,"WWE - Road to WrestleMania X8 (USA, Europe)","WWE - Road to WrestleMania X8 (USA, Europe).jpg","WWE - Road to WrestleMania X8 (USA, Europe).jpg",100.0
Nintendo Game Boy Advance,"WWE - Survivor Series (USA, Europe)","WWE - Survivor Series (USA, Europe).jpg","WWE - Survivor Series (USA, Europe).jpg",100.0
Nintendo Game Boy Advance,"WWF - Road to WrestleMania (USA, Europe)","WWF - Road to WrestleMania (USA, Europe).jpg","WWF - Road to WrestleMania (USA, Europe).jpg",100.0
Nintendo Game Boy Advance,X-Bladez - Inline Skater (USA),X-Bladez - Inline Skater (USA).jpg,X-Bladez - Inline Skater (USA).jpg,100.0
Nintendo Game Boy Advance,"X-Men - Reign of Apocalypse (USA, Europe)","X-Men - Reign of Apocalypse (USA, Europe).png","X-Men - Reign of Apocalypse (USA, Europe).png",100.0
Nintendo Game Boy Advance,X-Men - The Official Game (USA),X-Men - The Official Game (USA).jpg,X-Men - The Official Game (USA).jpg,100.0
Nintendo Game Boy Advance,"X2 - Wolverine's Revenge (USA, Europe)","X2 - Wolverine's Revenge (USA, Europe).png","X2 - Wolverine's Revenge (USA, Europe).png",100.0
Nintendo Game Boy Advance,XS Moto (USA),XS Moto (USA).jpg,XS Moto (USA).jpg,100.0
Nintendo Game Boy Advance,"xXx (USA, Europe)","xXx (USA, Europe).jpg","xXx (USA, Europe).jpg",100.0
Nintendo Game Boy Advance,Yggdra Union (KOR),Yggdra Union (KOR).png,Yggdra Union (KOR).png,100.0
Nintendo Game Boy Advance,Yggdra Union - We'll Never Fight Alone (USA),Yggdra Union - We'll Never Fight Alone (USA).png,Yggdra Union - We'll Never Fight Alone (USA).png,100.0
Nintendo Game Boy Advance,Yu Yu Hakusho - Ghostfiles - Spirit Detective (USA),Yu Yu Hakusho - Ghostfiles - Spirit Detective (USA).jpg,Yu Yu Hakusho - Ghostfiles - Spirit Detective (USA).jpg,100.0
Nintendo Game Boy Advance,"Yu Yu Hakusho - Ghostfiles - Tournament Tactics (USA, Europe)","Yu Yu Hakusho - Ghostfiles - Tournament Tactics (USA, Europe).png","Yu Yu Hakusho - Ghostfiles - Tournament Tactics (USA, Europe).png",100.0
Nintendo Game Boy Advance,"Yu-Gi-Oh! - 7 Trials to Glory - World Championship Tournament 2005 (USA) (En,Ja,Fr,De,Es,It)","Yu-Gi-Oh! - 7 Trials to Glory - World Championship Tournament 2005 (USA) (En,Ja,Fr,De,Es,It).jpg","Yu-Gi-Oh! - 7 Trials to Glory - World Championship Tournament 2005 (USA) (En,Ja,Fr,De,Es,It).jpg",100.0
Nintendo Game Boy Advance,Yu-Gi-Oh! - Destiny Board Traveler (USA),Yu-Gi-Oh! - Destiny Board Traveler (USA).jpg,Yu-Gi-Oh! - Destiny Board Traveler (USA).jpg,100.0
Nintendo Game Boy Advance,"Yu-Gi-Oh! - Dungeon Dice Monsters (USA) (En,Es)","Yu-Gi-Oh! - Dungeon Dice Monsters (USA) (En,Es).png","Yu-Gi-Oh! - Dungeon Dice Monsters (USA) (En,Es).png",100.0
Nintendo Game Boy Advance,Yu-Gi-Oh! - Reshef of Destruction (USA),Yu-Gi-Oh! - Reshef of Destruction (USA).jpg,Yu-Gi-Oh! - Reshef of Destruction (USA).jpg,100.0
Nintendo Game Boy Advance,Yu-Gi-Oh! - The Eternal Duelist Soul (USA),Yu-Gi-Oh! - The Eternal Duelist Soul (USA).jpg,Yu-Gi-Oh! - The Eternal Duelist Soul (USA).jpg,100.0
Nintendo Game Boy Advance,Yu-Gi-Oh! - The Sacred Cards (USA),Yu-Gi-Oh! - The Sacred Cards (USA).jpg,Yu-Gi-Oh! - The Sacred Cards (USA).jpg,100.0
Nintendo Game Boy Advance,"Yu-Gi-Oh! - Ultimate Masters - World Championship Tournament 2006 (USA) (En,Ja,Fr,De,Es,It)","Yu-Gi-Oh! - Ultimate Masters - World Championship Tournament 2006 (USA) (En,Ja,Fr,De,Es,It).jpg","Yu-Gi-Oh! - Ultimate Masters - World Championship Tournament 2006 (USA) (En,Ja,Fr,De,Es,It).jpg",100.0
Nintendo Game Boy Advance,"Yu-Gi-Oh! - World Championship Tournament 2004 (USA) (En,Ja,Fr,De,Es,It)","Yu-Gi-Oh! - World Championship Tournament 2004 (USA) (En,Ja,Fr,De,Es,It).png","Yu-Gi-Oh! - World Championship Tournament 2004 (USA) (En,Ja,Fr,De,Es,It).png",100.0
Nintendo Game Boy Advance,"Yu-Gi-Oh! - Worldwide Edition - Stairway to the Destined Duel (USA) (En,Ja,Fr,De,Es,It)","Yu-Gi-Oh! - Worldwide Edition - Stairway to the Destined Duel (USA) (En,Ja,Fr,De,Es,It).jpg","Yu-Gi-Oh! - Worldwide Edition - Stairway to the Destined Duel (USA) (En,Ja,Fr,De,Es,It).jpg",100.0
Nintendo Game Boy Advance,Yu-Gi-Oh! Double Pack (USA),Yu-Gi-Oh! Double Pack (USA).png,Yu-Gi-Oh! Double Pack (USA).png,100.0
Nintendo Game Boy Advance,"Yu-Gi-Oh! Double Pack 2 (USA) (En,Fr,De,Es,It)","Yu-Gi-Oh! Double Pack 2 (USA) (En,Fr,De,Es,It).png","Yu-Gi-Oh! Double Pack 2 (USA) (En,Fr,De,Es,It).png",100.0
Nintendo Game Boy Advance,Yu-Gi-Oh! Duel Monsters Expert 3 (KOR),Yu-Gi-Oh! Duel Monsters Expert 3 (KOR).png,Yu-Gi-Oh! Duel Monsters Expert 3 (KOR).png,100.0
Nintendo Game Boy Advance,Yu-Gi-Oh! GX - Duel Academy (USA),Yu-Gi-Oh! GX - Duel Academy (USA).jpg,Yu-Gi-Oh! GX - Duel Academy (USA).jpg,100.0
Nintendo Game Boy Advance,Zapper (USA),Zapper (USA).jpg,Zapper (USA).jpg,100.0
Nintendo Game Boy Advance,Zatchbell! - Electric Arena (USA),Zatchbell! - Electric Arena (USA).jpg,Zatchbell! - Electric Arena (USA).jpg,100.0
Nintendo Game Boy Advance,"Zidane Football Generation (Europe) (En,Fr,De,Es,It)","Zidane Football Generation (Europe) (En,Fr,De,Es,It).jpg","Zidane Football Generation (Europe) (En,Fr,De,Es,It).jpg",100.0
Nintendo Game Boy Advance,Zoey 101 (USA),Zoey 101 (USA).jpg,Zoey 101 (USA).jpg,100.0
Nintendo Game Boy Advance,Zoids Legacy (USA),Zoids Legacy (USA).png,Zoids Legacy (USA).png,100.0
Nintendo Game Boy Advance,Zone of the Enders - The Fist of Mars (USA),Zone of the Enders - The Fist of Mars (USA).jpg,Zone of the Enders - The Fist of Mars (USA).jpg,100.0
Nintendo Game Boy Advance,ZooCube (USA),ZooCube (USA).jpg,ZooCube (USA).jpg,100.0
Nintendo Game Boy Advance,"Zooo (Europe) (En,Fr,De,Es,It)","Zooo (Europe) (En,Fr,De,Es,It).jpg","Zooo (Europe) (En,Fr,De,Es,It).jpg",100.0
Nintendo Game Boy Advance,[GBC]Dejico no Mahjong Party (K),[GBC]Dejico no Mahjong Party (K).jpg,[GBC]Dejico no Mahjong Party (K).jpg,100.0
Nintendo Game Boy Advance,[GBC]Pocket Monsters Gold (K),[GBC]Pocket Monsters Gold (K).png,[GBC]Pocket Monsters Gold (K).png,100.0
Nintendo Game Boy Advance,[GBC]Pocket Monsters Silver (K),[GBC]Pocket Monsters Silver (K).png,[GBC]Pocket Monsters Silver (K).png,100.0
Nintendo Game Boy Advance,[GBC]The Legend of Zelda - Link's Awakening DX (K),[GBC]The Legend of Zelda - Link's Awakening DX (K).png,[GBC]The Legend of Zelda - Link's Awakening DX (K).png,100.0
Nintendo Game Boy Advance,[GBC]The Legend of Zelda - Oracle of Ages (K),[GBC]The Legend of Zelda - Oracle of Ages (K).jpg,[GBC]The Legend of Zelda - Oracle of Ages (K).jpg,100.0
Nintendo Game Boy Advance,[GBC]The Legend of Zelda - Oracle of Seasons (K),[GBC]The Legend of Zelda - Oracle of Seasons (K).png,[GBC]The Legend of Zelda - Oracle of Seasons (K).png,100.0
Nintendo Game Boy Advance,[GB]Dai-2-ji Super Robot Taisen G (K),[GB]Dai-2-ji Super Robot Taisen G (K).png,[GB]Dai-2-ji Super Robot Taisen G (K).png,100.0
Nintendo Game Boy Advance,[GB]Final Fantasy Adventure (K),[GB]Final Fantasy Adventure (K).png,[GB]Final Fantasy Adventure (K).png,100.0
Nintendo Game Boy Advance,[GB]Pocket Monsters Red (K),[GB]Pocket Monsters Red (K).jpg,[GB]Pocket Monsters Red (K).jpg,100.0
Nintendo Game Boy Advance,[GB]Super Mario Land (K),[GB]Super Mario Land (K).png,[GB]Super Mario Land (K).png,100.0
Nintendo Game Boy Advance,[GB]Super Robot Taisen (K),[GB]Super Robot Taisen (K).png,[GB]Super Robot Taisen (K).png,100.0
